--
-- PostgreSQL database dump
--

-- Dumped from database version 15.2
-- Dumped by pg_dump version 15.2

-- Started on 2023-05-30 22:18:35

SET statement_timeout = 0;
SET lock_timeout = 0;
SET idle_in_transaction_session_timeout = 0;
SET client_encoding = 'UTF8';
SET standard_conforming_strings = on;
SELECT pg_catalog.set_config('search_path', '', false);
SET check_function_bodies = false;
SET xmloption = content;
SET client_min_messages = warning;
SET row_security = off;

SET default_tablespace = '';

SET default_table_access_method = heap;

--
-- TOC entry 221 (class 1259 OID 19683)
-- Name: auth_group; Type: TABLE; Schema: public; Owner: postgres
--

CREATE TABLE public.auth_group (
    id integer NOT NULL,
    name character varying(150) NOT NULL
);


ALTER TABLE public.auth_group OWNER TO postgres;

--
-- TOC entry 220 (class 1259 OID 19682)
-- Name: auth_group_id_seq; Type: SEQUENCE; Schema: public; Owner: postgres
--

ALTER TABLE public.auth_group ALTER COLUMN id ADD GENERATED BY DEFAULT AS IDENTITY (
    SEQUENCE NAME public.auth_group_id_seq
    START WITH 1
    INCREMENT BY 1
    NO MINVALUE
    NO MAXVALUE
    CACHE 1
);


--
-- TOC entry 223 (class 1259 OID 19691)
-- Name: auth_group_permissions; Type: TABLE; Schema: public; Owner: postgres
--

CREATE TABLE public.auth_group_permissions (
    id bigint NOT NULL,
    group_id integer NOT NULL,
    permission_id integer NOT NULL
);


ALTER TABLE public.auth_group_permissions OWNER TO postgres;

--
-- TOC entry 222 (class 1259 OID 19690)
-- Name: auth_group_permissions_id_seq; Type: SEQUENCE; Schema: public; Owner: postgres
--

ALTER TABLE public.auth_group_permissions ALTER COLUMN id ADD GENERATED BY DEFAULT AS IDENTITY (
    SEQUENCE NAME public.auth_group_permissions_id_seq
    START WITH 1
    INCREMENT BY 1
    NO MINVALUE
    NO MAXVALUE
    CACHE 1
);


--
-- TOC entry 219 (class 1259 OID 19677)
-- Name: auth_permission; Type: TABLE; Schema: public; Owner: postgres
--

CREATE TABLE public.auth_permission (
    id integer NOT NULL,
    name character varying(255) NOT NULL,
    content_type_id integer NOT NULL,
    codename character varying(100) NOT NULL
);


ALTER TABLE public.auth_permission OWNER TO postgres;

--
-- TOC entry 218 (class 1259 OID 19676)
-- Name: auth_permission_id_seq; Type: SEQUENCE; Schema: public; Owner: postgres
--

ALTER TABLE public.auth_permission ALTER COLUMN id ADD GENERATED BY DEFAULT AS IDENTITY (
    SEQUENCE NAME public.auth_permission_id_seq
    START WITH 1
    INCREMENT BY 1
    NO MINVALUE
    NO MAXVALUE
    CACHE 1
);


--
-- TOC entry 225 (class 1259 OID 19697)
-- Name: auth_user; Type: TABLE; Schema: public; Owner: postgres
--

CREATE TABLE public.auth_user (
    id integer NOT NULL,
    password character varying(128) NOT NULL,
    last_login timestamp with time zone,
    is_superuser boolean NOT NULL,
    username character varying(150) NOT NULL,
    first_name character varying(150) NOT NULL,
    last_name character varying(150) NOT NULL,
    email character varying(254) NOT NULL,
    is_staff boolean NOT NULL,
    is_active boolean NOT NULL,
    date_joined timestamp with time zone NOT NULL
);


ALTER TABLE public.auth_user OWNER TO postgres;

--
-- TOC entry 227 (class 1259 OID 19705)
-- Name: auth_user_groups; Type: TABLE; Schema: public; Owner: postgres
--

CREATE TABLE public.auth_user_groups (
    id bigint NOT NULL,
    user_id integer NOT NULL,
    group_id integer NOT NULL
);


ALTER TABLE public.auth_user_groups OWNER TO postgres;

--
-- TOC entry 226 (class 1259 OID 19704)
-- Name: auth_user_groups_id_seq; Type: SEQUENCE; Schema: public; Owner: postgres
--

ALTER TABLE public.auth_user_groups ALTER COLUMN id ADD GENERATED BY DEFAULT AS IDENTITY (
    SEQUENCE NAME public.auth_user_groups_id_seq
    START WITH 1
    INCREMENT BY 1
    NO MINVALUE
    NO MAXVALUE
    CACHE 1
);


--
-- TOC entry 224 (class 1259 OID 19696)
-- Name: auth_user_id_seq; Type: SEQUENCE; Schema: public; Owner: postgres
--

ALTER TABLE public.auth_user ALTER COLUMN id ADD GENERATED BY DEFAULT AS IDENTITY (
    SEQUENCE NAME public.auth_user_id_seq
    START WITH 1
    INCREMENT BY 1
    NO MINVALUE
    NO MAXVALUE
    CACHE 1
);


--
-- TOC entry 229 (class 1259 OID 19711)
-- Name: auth_user_user_permissions; Type: TABLE; Schema: public; Owner: postgres
--

CREATE TABLE public.auth_user_user_permissions (
    id bigint NOT NULL,
    user_id integer NOT NULL,
    permission_id integer NOT NULL
);


ALTER TABLE public.auth_user_user_permissions OWNER TO postgres;

--
-- TOC entry 228 (class 1259 OID 19710)
-- Name: auth_user_user_permissions_id_seq; Type: SEQUENCE; Schema: public; Owner: postgres
--

ALTER TABLE public.auth_user_user_permissions ALTER COLUMN id ADD GENERATED BY DEFAULT AS IDENTITY (
    SEQUENCE NAME public.auth_user_user_permissions_id_seq
    START WITH 1
    INCREMENT BY 1
    NO MINVALUE
    NO MAXVALUE
    CACHE 1
);


--
-- TOC entry 235 (class 1259 OID 19817)
-- Name: authtoken_token; Type: TABLE; Schema: public; Owner: postgres
--

CREATE TABLE public.authtoken_token (
    key character varying(40) NOT NULL,
    created timestamp with time zone NOT NULL,
    user_id integer NOT NULL
);


ALTER TABLE public.authtoken_token OWNER TO postgres;

--
-- TOC entry 231 (class 1259 OID 19769)
-- Name: django_admin_log; Type: TABLE; Schema: public; Owner: postgres
--

CREATE TABLE public.django_admin_log (
    id integer NOT NULL,
    action_time timestamp with time zone NOT NULL,
    object_id text,
    object_repr character varying(200) NOT NULL,
    action_flag smallint NOT NULL,
    change_message text NOT NULL,
    content_type_id integer,
    user_id integer NOT NULL,
    CONSTRAINT django_admin_log_action_flag_check CHECK ((action_flag >= 0))
);


ALTER TABLE public.django_admin_log OWNER TO postgres;

--
-- TOC entry 230 (class 1259 OID 19768)
-- Name: django_admin_log_id_seq; Type: SEQUENCE; Schema: public; Owner: postgres
--

ALTER TABLE public.django_admin_log ALTER COLUMN id ADD GENERATED BY DEFAULT AS IDENTITY (
    SEQUENCE NAME public.django_admin_log_id_seq
    START WITH 1
    INCREMENT BY 1
    NO MINVALUE
    NO MAXVALUE
    CACHE 1
);


--
-- TOC entry 217 (class 1259 OID 19669)
-- Name: django_content_type; Type: TABLE; Schema: public; Owner: postgres
--

CREATE TABLE public.django_content_type (
    id integer NOT NULL,
    app_label character varying(100) NOT NULL,
    model character varying(100) NOT NULL
);


ALTER TABLE public.django_content_type OWNER TO postgres;

--
-- TOC entry 216 (class 1259 OID 19668)
-- Name: django_content_type_id_seq; Type: SEQUENCE; Schema: public; Owner: postgres
--

ALTER TABLE public.django_content_type ALTER COLUMN id ADD GENERATED BY DEFAULT AS IDENTITY (
    SEQUENCE NAME public.django_content_type_id_seq
    START WITH 1
    INCREMENT BY 1
    NO MINVALUE
    NO MAXVALUE
    CACHE 1
);


--
-- TOC entry 215 (class 1259 OID 19661)
-- Name: django_migrations; Type: TABLE; Schema: public; Owner: postgres
--

CREATE TABLE public.django_migrations (
    id bigint NOT NULL,
    app character varying(255) NOT NULL,
    name character varying(255) NOT NULL,
    applied timestamp with time zone NOT NULL
);


ALTER TABLE public.django_migrations OWNER TO postgres;

--
-- TOC entry 214 (class 1259 OID 19660)
-- Name: django_migrations_id_seq; Type: SEQUENCE; Schema: public; Owner: postgres
--

ALTER TABLE public.django_migrations ALTER COLUMN id ADD GENERATED BY DEFAULT AS IDENTITY (
    SEQUENCE NAME public.django_migrations_id_seq
    START WITH 1
    INCREMENT BY 1
    NO MINVALUE
    NO MAXVALUE
    CACHE 1
);


--
-- TOC entry 232 (class 1259 OID 19797)
-- Name: django_session; Type: TABLE; Schema: public; Owner: postgres
--

CREATE TABLE public.django_session (
    session_key character varying(40) NOT NULL,
    session_data text NOT NULL,
    expire_date timestamp with time zone NOT NULL
);


ALTER TABLE public.django_session OWNER TO postgres;

--
-- TOC entry 237 (class 1259 OID 19831)
-- Name: leagues_league; Type: TABLE; Schema: public; Owner: postgres
--

CREATE TABLE public.leagues_league (
    id integer NOT NULL,
    name character varying(100) NOT NULL,
    "codeLeague" character varying(100) NOT NULL,
    password character varying(255),
    creator_id integer NOT NULL
);


ALTER TABLE public.leagues_league OWNER TO postgres;

--
-- TOC entry 236 (class 1259 OID 19830)
-- Name: leagues_league_id_seq; Type: SEQUENCE; Schema: public; Owner: postgres
--

ALTER TABLE public.leagues_league ALTER COLUMN id ADD GENERATED BY DEFAULT AS IDENTITY (
    SEQUENCE NAME public.leagues_league_id_seq
    START WITH 1
    INCREMENT BY 1
    NO MINVALUE
    NO MAXVALUE
    CACHE 1
);


--
-- TOC entry 239 (class 1259 OID 19839)
-- Name: leagues_league_users; Type: TABLE; Schema: public; Owner: postgres
--

CREATE TABLE public.leagues_league_users (
    id bigint NOT NULL,
    league_id integer NOT NULL,
    users_id integer NOT NULL
);


ALTER TABLE public.leagues_league_users OWNER TO postgres;

--
-- TOC entry 238 (class 1259 OID 19838)
-- Name: leagues_league_users_id_seq; Type: SEQUENCE; Schema: public; Owner: postgres
--

ALTER TABLE public.leagues_league_users ALTER COLUMN id ADD GENERATED BY DEFAULT AS IDENTITY (
    SEQUENCE NAME public.leagues_league_users_id_seq
    START WITH 1
    INCREMENT BY 1
    NO MINVALUE
    NO MAXVALUE
    CACHE 1
);


--
-- TOC entry 251 (class 1259 OID 19951)
-- Name: match_match; Type: TABLE; Schema: public; Owner: postgres
--

CREATE TABLE public.match_match (
    id bigint NOT NULL,
    set1_score character varying(5) NOT NULL,
    set2_score character varying(5) NOT NULL,
    set3_score character varying(5),
    tournament_id integer NOT NULL,
    start_time timestamp with time zone NOT NULL
);


ALTER TABLE public.match_match OWNER TO postgres;

--
-- TOC entry 250 (class 1259 OID 19950)
-- Name: match_match_id_seq; Type: SEQUENCE; Schema: public; Owner: postgres
--

ALTER TABLE public.match_match ALTER COLUMN id ADD GENERATED BY DEFAULT AS IDENTITY (
    SEQUENCE NAME public.match_match_id_seq
    START WITH 1
    INCREMENT BY 1
    NO MINVALUE
    NO MAXVALUE
    CACHE 1
);


--
-- TOC entry 253 (class 1259 OID 19957)
-- Name: match_match_pair1; Type: TABLE; Schema: public; Owner: postgres
--

CREATE TABLE public.match_match_pair1 (
    id bigint NOT NULL,
    match_id bigint NOT NULL,
    player_id integer NOT NULL
);


ALTER TABLE public.match_match_pair1 OWNER TO postgres;

--
-- TOC entry 252 (class 1259 OID 19956)
-- Name: match_match_pair1_id_seq; Type: SEQUENCE; Schema: public; Owner: postgres
--

ALTER TABLE public.match_match_pair1 ALTER COLUMN id ADD GENERATED BY DEFAULT AS IDENTITY (
    SEQUENCE NAME public.match_match_pair1_id_seq
    START WITH 1
    INCREMENT BY 1
    NO MINVALUE
    NO MAXVALUE
    CACHE 1
);


--
-- TOC entry 255 (class 1259 OID 19963)
-- Name: match_match_pair2; Type: TABLE; Schema: public; Owner: postgres
--

CREATE TABLE public.match_match_pair2 (
    id bigint NOT NULL,
    match_id bigint NOT NULL,
    player_id integer NOT NULL
);


ALTER TABLE public.match_match_pair2 OWNER TO postgres;

--
-- TOC entry 254 (class 1259 OID 19962)
-- Name: match_match_pair2_id_seq; Type: SEQUENCE; Schema: public; Owner: postgres
--

ALTER TABLE public.match_match_pair2 ALTER COLUMN id ADD GENERATED BY DEFAULT AS IDENTITY (
    SEQUENCE NAME public.match_match_pair2_id_seq
    START WITH 1
    INCREMENT BY 1
    NO MINVALUE
    NO MAXVALUE
    CACHE 1
);


--
-- TOC entry 257 (class 1259 OID 19969)
-- Name: match_match_winner; Type: TABLE; Schema: public; Owner: postgres
--

CREATE TABLE public.match_match_winner (
    id bigint NOT NULL,
    match_id bigint NOT NULL,
    player_id integer NOT NULL
);


ALTER TABLE public.match_match_winner OWNER TO postgres;

--
-- TOC entry 256 (class 1259 OID 19968)
-- Name: match_match_winner_id_seq; Type: SEQUENCE; Schema: public; Owner: postgres
--

ALTER TABLE public.match_match_winner ALTER COLUMN id ADD GENERATED BY DEFAULT AS IDENTITY (
    SEQUENCE NAME public.match_match_winner_id_seq
    START WITH 1
    INCREMENT BY 1
    NO MINVALUE
    NO MAXVALUE
    CACHE 1
);


--
-- TOC entry 241 (class 1259 OID 19866)
-- Name: players_player; Type: TABLE; Schema: public; Owner: postgres
--

CREATE TABLE public.players_player (
    id integer NOT NULL,
    name character varying(100) NOT NULL,
    surname character varying(100) NOT NULL,
    ranking integer NOT NULL,
    points integer NOT NULL,
    winrate double precision NOT NULL,
    price double precision NOT NULL,
    tournament_points integer NOT NULL
);


ALTER TABLE public.players_player OWNER TO postgres;

--
-- TOC entry 240 (class 1259 OID 19865)
-- Name: players_player_id_seq; Type: SEQUENCE; Schema: public; Owner: postgres
--

ALTER TABLE public.players_player ALTER COLUMN id ADD GENERATED BY DEFAULT AS IDENTITY (
    SEQUENCE NAME public.players_player_id_seq
    START WITH 1
    INCREMENT BY 1
    NO MINVALUE
    NO MAXVALUE
    CACHE 1
);


--
-- TOC entry 243 (class 1259 OID 19872)
-- Name: players_player_users; Type: TABLE; Schema: public; Owner: postgres
--

CREATE TABLE public.players_player_users (
    id bigint NOT NULL,
    player_id integer NOT NULL,
    users_id integer NOT NULL
);


ALTER TABLE public.players_player_users OWNER TO postgres;

--
-- TOC entry 242 (class 1259 OID 19871)
-- Name: players_player_users_id_seq; Type: SEQUENCE; Schema: public; Owner: postgres
--

ALTER TABLE public.players_player_users ALTER COLUMN id ADD GENERATED BY DEFAULT AS IDENTITY (
    SEQUENCE NAME public.players_player_users_id_seq
    START WITH 1
    INCREMENT BY 1
    NO MINVALUE
    NO MAXVALUE
    CACHE 1
);


--
-- TOC entry 245 (class 1259 OID 19904)
-- Name: tournaments_tournament; Type: TABLE; Schema: public; Owner: postgres
--

CREATE TABLE public.tournaments_tournament (
    id integer NOT NULL,
    name character varying(100) NOT NULL,
    location character varying(100) NOT NULL,
    end_time timestamp with time zone,
    start_time timestamp with time zone
);


ALTER TABLE public.tournaments_tournament OWNER TO postgres;

--
-- TOC entry 244 (class 1259 OID 19903)
-- Name: tournaments_tournament_id_seq; Type: SEQUENCE; Schema: public; Owner: postgres
--

ALTER TABLE public.tournaments_tournament ALTER COLUMN id ADD GENERATED BY DEFAULT AS IDENTITY (
    SEQUENCE NAME public.tournaments_tournament_id_seq
    START WITH 1
    INCREMENT BY 1
    NO MINVALUE
    NO MAXVALUE
    CACHE 1
);


--
-- TOC entry 247 (class 1259 OID 19910)
-- Name: tournaments_tournament_leagues; Type: TABLE; Schema: public; Owner: postgres
--

CREATE TABLE public.tournaments_tournament_leagues (
    id bigint NOT NULL,
    tournament_id integer NOT NULL,
    league_id integer NOT NULL
);


ALTER TABLE public.tournaments_tournament_leagues OWNER TO postgres;

--
-- TOC entry 246 (class 1259 OID 19909)
-- Name: tournaments_tournament_leagues_id_seq; Type: SEQUENCE; Schema: public; Owner: postgres
--

ALTER TABLE public.tournaments_tournament_leagues ALTER COLUMN id ADD GENERATED BY DEFAULT AS IDENTITY (
    SEQUENCE NAME public.tournaments_tournament_leagues_id_seq
    START WITH 1
    INCREMENT BY 1
    NO MINVALUE
    NO MAXVALUE
    CACHE 1
);


--
-- TOC entry 249 (class 1259 OID 19916)
-- Name: tournaments_tournament_players; Type: TABLE; Schema: public; Owner: postgres
--

CREATE TABLE public.tournaments_tournament_players (
    id bigint NOT NULL,
    tournament_id integer NOT NULL,
    player_id integer NOT NULL
);


ALTER TABLE public.tournaments_tournament_players OWNER TO postgres;

--
-- TOC entry 248 (class 1259 OID 19915)
-- Name: tournaments_tournament_players_id_seq; Type: SEQUENCE; Schema: public; Owner: postgres
--

ALTER TABLE public.tournaments_tournament_players ALTER COLUMN id ADD GENERATED BY DEFAULT AS IDENTITY (
    SEQUENCE NAME public.tournaments_tournament_players_id_seq
    START WITH 1
    INCREMENT BY 1
    NO MINVALUE
    NO MAXVALUE
    CACHE 1
);


--
-- TOC entry 234 (class 1259 OID 19807)
-- Name: users_users; Type: TABLE; Schema: public; Owner: postgres
--

CREATE TABLE public.users_users (
    last_login timestamp with time zone,
    id integer NOT NULL,
    first_name character varying(50) NOT NULL,
    email character varying(254) NOT NULL,
    password character varying(128) NOT NULL,
    cash integer DEFAULT 50,
    "userPoints" numeric(10,2) NOT NULL
);


ALTER TABLE public.users_users OWNER TO postgres;

--
-- TOC entry 233 (class 1259 OID 19806)
-- Name: users_users_id_seq; Type: SEQUENCE; Schema: public; Owner: postgres
--

ALTER TABLE public.users_users ALTER COLUMN id ADD GENERATED BY DEFAULT AS IDENTITY (
    SEQUENCE NAME public.users_users_id_seq
    START WITH 1
    INCREMENT BY 1
    NO MINVALUE
    NO MAXVALUE
    CACHE 1
);


--
-- TOC entry 3570 (class 0 OID 19683)
-- Dependencies: 221
-- Data for Name: auth_group; Type: TABLE DATA; Schema: public; Owner: postgres
--

COPY public.auth_group (id, name) FROM stdin;
\.


--
-- TOC entry 3572 (class 0 OID 19691)
-- Dependencies: 223
-- Data for Name: auth_group_permissions; Type: TABLE DATA; Schema: public; Owner: postgres
--

COPY public.auth_group_permissions (id, group_id, permission_id) FROM stdin;
\.


--
-- TOC entry 3568 (class 0 OID 19677)
-- Dependencies: 219
-- Data for Name: auth_permission; Type: TABLE DATA; Schema: public; Owner: postgres
--

COPY public.auth_permission (id, name, content_type_id, codename) FROM stdin;
1	Can add log entry	1	add_logentry
2	Can change log entry	1	change_logentry
3	Can delete log entry	1	delete_logentry
4	Can view log entry	1	view_logentry
5	Can add permission	2	add_permission
6	Can change permission	2	change_permission
7	Can delete permission	2	delete_permission
8	Can view permission	2	view_permission
9	Can add group	3	add_group
10	Can change group	3	change_group
11	Can delete group	3	delete_group
12	Can view group	3	view_group
13	Can add user	4	add_user
14	Can change user	4	change_user
15	Can delete user	4	delete_user
16	Can view user	4	view_user
17	Can add content type	5	add_contenttype
18	Can change content type	5	change_contenttype
19	Can delete content type	5	delete_contenttype
20	Can view content type	5	view_contenttype
21	Can add session	6	add_session
22	Can change session	6	change_session
23	Can delete session	6	delete_session
24	Can view session	6	view_session
25	Can add users	7	add_users
26	Can change users	7	change_users
27	Can delete users	7	delete_users
28	Can view users	7	view_users
29	Can add Token	8	add_token
30	Can change Token	8	change_token
31	Can delete Token	8	delete_token
32	Can view Token	8	view_token
33	Can add token	9	add_tokenproxy
34	Can change token	9	change_tokenproxy
35	Can delete token	9	delete_tokenproxy
36	Can view token	9	view_tokenproxy
37	Can add league	10	add_league
38	Can change league	10	change_league
39	Can delete league	10	delete_league
40	Can view league	10	view_league
41	Can add player	11	add_player
42	Can change player	11	change_player
43	Can delete player	11	delete_player
44	Can view player	11	view_player
45	Can add tournament	12	add_tournament
46	Can change tournament	12	change_tournament
47	Can delete tournament	12	delete_tournament
48	Can view tournament	12	view_tournament
49	Can add match	13	add_match
50	Can change match	13	change_match
51	Can delete match	13	delete_match
52	Can view match	13	view_match
\.


--
-- TOC entry 3574 (class 0 OID 19697)
-- Dependencies: 225
-- Data for Name: auth_user; Type: TABLE DATA; Schema: public; Owner: postgres
--

COPY public.auth_user (id, password, last_login, is_superuser, username, first_name, last_name, email, is_staff, is_active, date_joined) FROM stdin;
\.


--
-- TOC entry 3576 (class 0 OID 19705)
-- Dependencies: 227
-- Data for Name: auth_user_groups; Type: TABLE DATA; Schema: public; Owner: postgres
--

COPY public.auth_user_groups (id, user_id, group_id) FROM stdin;
\.


--
-- TOC entry 3578 (class 0 OID 19711)
-- Dependencies: 229
-- Data for Name: auth_user_user_permissions; Type: TABLE DATA; Schema: public; Owner: postgres
--

COPY public.auth_user_user_permissions (id, user_id, permission_id) FROM stdin;
\.


--
-- TOC entry 3584 (class 0 OID 19817)
-- Dependencies: 235
-- Data for Name: authtoken_token; Type: TABLE DATA; Schema: public; Owner: postgres
--

COPY public.authtoken_token (key, created, user_id) FROM stdin;
\.


--
-- TOC entry 3580 (class 0 OID 19769)
-- Dependencies: 231
-- Data for Name: django_admin_log; Type: TABLE DATA; Schema: public; Owner: postgres
--

COPY public.django_admin_log (id, action_time, object_id, object_repr, action_flag, change_message, content_type_id, user_id) FROM stdin;
\.


--
-- TOC entry 3566 (class 0 OID 19669)
-- Dependencies: 217
-- Data for Name: django_content_type; Type: TABLE DATA; Schema: public; Owner: postgres
--

COPY public.django_content_type (id, app_label, model) FROM stdin;
1	admin	logentry
2	auth	permission
3	auth	group
4	auth	user
5	contenttypes	contenttype
6	sessions	session
7	users	users
8	authtoken	token
9	authtoken	tokenproxy
10	leagues	league
11	players	player
12	tournaments	tournament
13	match	match
\.


--
-- TOC entry 3564 (class 0 OID 19661)
-- Dependencies: 215
-- Data for Name: django_migrations; Type: TABLE DATA; Schema: public; Owner: postgres
--

COPY public.django_migrations (id, app, name, applied) FROM stdin;
1	contenttypes	0001_initial	2023-04-26 01:46:20.232323+02
2	auth	0001_initial	2023-04-26 01:46:20.323521+02
3	admin	0001_initial	2023-04-26 01:46:20.351668+02
4	admin	0002_logentry_remove_auto_add	2023-04-26 01:46:20.357668+02
5	admin	0003_logentry_add_action_flag_choices	2023-04-26 01:46:20.364665+02
6	contenttypes	0002_remove_content_type_name	2023-04-26 01:46:20.377668+02
7	auth	0002_alter_permission_name_max_length	2023-04-26 01:46:20.386672+02
8	auth	0003_alter_user_email_max_length	2023-04-26 01:46:20.393666+02
9	auth	0004_alter_user_username_opts	2023-04-26 01:46:20.399668+02
10	auth	0005_alter_user_last_login_null	2023-04-26 01:46:20.407667+02
11	auth	0006_require_contenttypes_0002	2023-04-26 01:46:20.409679+02
12	auth	0007_alter_validators_add_error_messages	2023-04-26 01:46:20.417678+02
13	auth	0008_alter_user_username_max_length	2023-04-26 01:46:20.43067+02
14	auth	0009_alter_user_last_name_max_length	2023-04-26 01:46:20.437684+02
15	auth	0010_alter_group_name_max_length	2023-04-26 01:46:20.447678+02
16	auth	0011_update_proxy_permissions	2023-04-26 01:46:20.455683+02
17	auth	0012_alter_user_first_name_max_length	2023-04-26 01:46:20.461666+02
18	sessions	0001_initial	2023-04-26 01:46:20.47867+02
19	users	0001_initial	2023-04-26 01:46:20.496668+02
20	authtoken	0001_initial	2023-04-26 02:16:39.385669+02
21	authtoken	0002_auto_20160226_1747	2023-04-26 02:16:39.407201+02
22	authtoken	0003_tokenproxy	2023-04-26 02:16:39.410202+02
23	leagues	0001_initial	2023-05-23 16:07:47.341769+02
24	leagues	0002_alter_league_codeleague	2023-05-24 15:29:35.192331+02
25	players	0001_initial	2023-05-28 15:45:42.675927+02
26	users	0002_users_cash	2023-05-29 19:40:57.225995+02
27	users	0003_users_userpoints	2023-05-30 02:31:29.342027+02
28	users	0004_alter_users_password	2023-05-30 05:08:51.030511+02
29	players	0002_player_tournament_points	2023-05-30 08:19:44.13799+02
30	tournaments	0001_initial	2023-05-30 08:19:44.205118+02
31	match	0001_initial	2023-05-30 13:58:14.714218+02
32	match	0002_match_start_time	2023-05-30 15:07:05.862227+02
33	tournaments	0002_remove_tournament_end_date_and_more	2023-05-30 15:07:05.901885+02
34	tournaments	0003_alter_tournament_end_time_and_more	2023-05-30 16:13:04.398286+02
35	tournaments	0004_alter_tournament_end_time_and_more	2023-05-30 16:57:32.172578+02
\.


--
-- TOC entry 3581 (class 0 OID 19797)
-- Dependencies: 232
-- Data for Name: django_session; Type: TABLE DATA; Schema: public; Owner: postgres
--

COPY public.django_session (session_key, session_data, expire_date) FROM stdin;
c1qogovc6p8v72ngfbn4bkycb27xfkwg	.eJxVjEsOAiEQBe_C2hC6gQ64dO8ZJg00MmqYZD4r4911klno9lXVe6mBt7UN2yLzMBZ1VgDq9Dsmzg_pOyl37rdJ56mv85j0ruiDLvo6FXleDvfvoPHSvrU4Tl4yG4okgkzsguPgnCFEsgRA2WIAJLQ-cTCxJsIaK1SxXkC9P_gTN2k:1prhKn:X0yMMbdITb8GU-Zz5qfFGOmq2CjCkxNOaBI60NVecK0	2023-05-10 17:45:33.092591+02
qqyf7vej9ls1qrh4yx360u961pzo6m78	.eJxVjEsOAiEQBe_C2hC6gQ64dO8ZJg00MmqYZD4r4911klno9lXVe6mBt7UN2yLzMBZ1VgDq9Dsmzg_pOyl37rdJ56mv85j0ruiDLvo6FXleDvfvoPHSvrU4Tl4yG4okgkzsguPgnCFEsgRA2WIAJLQ-cTCxJsIaK1SxXkC9P_gTN2k:1prhL8:OQ5IvsXS6WiSZhnjmC40Kn52zeNpD4FiZiJ0ofdrCZQ	2023-05-10 17:45:54.876738+02
qe4acok3h19409fdc9e1hy0bs7u4bxvu	.eJxVjDsOwjAUBO_iGln2xr9Q0ucM1rOfgwMokfKpEHcnkVJAOzO7bxFpW2vcljLHgcVVaIjLL0yUn2U8DD9ovE8yT-M6D0keiTztIruJy-t2tn8HlZa6r8k1JpuGG4Xeos-AKrBoVTHQigyj9Q5sAwevWlbOJwJ5IHijdyo-X9sXNqQ:1przgD:OW1j3lS7WcZR_3Y4j4kmu-CgxxHhvQJh67s96e2xhpk	2023-05-11 13:20:53.433604+02
wt5elwmodc8j0icqqwnns1l2gtbzoldz	.eJxVjDsOwjAQBe_iGlnr9Y-lpM8ZLDtr4wBypDipEHeHSCmgfTPzXiLEba1h63kJE4uLUEacfscUx0duO-F7bLdZjnNblynJXZEH7XKYOT-vh_t3UGOv39p5NAU1MxZCQutYnwnBsFOkSauoi_KUOEFJDJasAm-VZgSI4LwT7w_WfTZ_:1pzirK:zNATbi58m7lwiBwo-nokE2M9w4AR_BvNpeicbwkR6Lk	2023-06-01 21:00:18.20838+02
i8gp4o5idw86tcylhuaftkimgl8tih6i	.eJxVjMsOwiAQRf-FtSE8LDAu3fcbyMBMpWogKe3K-O_apAvd3nPOfYmI21ri1nmJM4mL0IM4_Y4J84PrTuiO9dZkbnVd5iR3RR60y7ERP6-H-3dQsJdv7Q2D8Y4zKm0nr8EgGZWdTQzeGgsUYEjecwqIPCkO4NwZrA5MIUMQ7w_7SjfP:1pzitn:UIeTn2aBbNkLbftUCmW_feUeCEatFft8x74ZcSYd7hY	2023-06-01 21:02:51.971136+02
7nm1sd0e75rgmja204t6qmzyg8qurjl5	.eJxVjMsOwiAQRf-FtSE8LDAu3fcbyMBMpWogKe3K-O_apAvd3nPOfYmI21ri1nmJM4mL0IM4_Y4J84PrTuiO9dZkbnVd5iR3RR60y7ERP6-H-3dQsJdv7Q2D8Y4zKm0nr8EgGZWdTQzeGgsUYEjecwqIPCkO4NwZrA5MIUMQ7w_7SjfP:1pziwB:C8nZ5Zd-kRgX7MlEjeq9fUgAMRWGL0xRdkCTlaOmmA4	2023-06-01 21:05:19.749+02
78ylxtz774cvq4dw3z9wdmck4vjiguql	.eJxVjDsOwjAQBe_iGlnZZP0JJT1nsNa7Dg4gW4qTCnF3iJQC2jcz76UCbWsOW0tLmEWdFXh1-h0j8SOVncidyq1qrmVd5qh3RR-06WuV9Lwc7t9Bppa_tQVmj0Q8gUcG6Inj4DpBhGEktEDiGdl4GtCYkSZLCayLXe9RXLTq_QENqzf1:1pzyQU:3pPhXjxv2NzoS2BTf-qrELlICIG82VYpBmHa-E5pH6k	2023-06-02 13:37:38.875517+02
14fg2klhs1p4wdrbdeadb4zcrbiakec1	.eJxVjDsOwjAQBe_iGlnZZP0JJT1nsNa7Dg4gW4qTCnF3iJQC2jcz76UCbWsOW0tLmEWdFXh1-h0j8SOVncidyq1qrmVd5qh3RR-06WuV9Lwc7t9Bppa_tQVmj0Q8gUcG6Inj4DpBhGEktEDiGdl4GtCYkSZLCayLXe9RXLTq_QENqzf1:1q16Kq:GCXnfAsEsjOY8nKRgzpF_eRV2sd61XpENlHmtG8lHJM	2023-06-05 16:16:28.188922+02
1fyib08lj794o2yhlz33edothhbq9yxb	.eJxVjDsOwjAQBe_iGlnZZP0JJT1nsNa7Dg4gW4qTCnF3iJQC2jcz76UCbWsOW0tLmEWdFXh1-h0j8SOVncidyq1qrmVd5qh3RR-06WuV9Lwc7t9Bppa_tQVmj0Q8gUcG6Inj4DpBhGEktEDiGdl4GtCYkSZLCayLXe9RXLTq_QENqzf1:1q1SoG:jaZXjmIfhecg6_y0LGHw2bgnjvWHPxpXsdRHWhXsxkM	2023-06-06 16:16:20.354872+02
u4wsfh9orm60om0pple30tphml38iu4k	.eJxVjDsOwjAQBe_iGlnZZP0JJT1nsNa7Dg4gW4qTCnF3iJQC2jcz76UCbWsOW0tLmEWdFXh1-h0j8SOVncidyq1qrmVd5qh3RR-06WuV9Lwc7t9Bppa_tQVmj0Q8gUcG6Inj4DpBhGEktEDiGdl4GtCYkSZLCayLXe9RXLTq_QENqzf1:1q1V9g:r2TJ8wDkLrwzjYNkZI_S7uJ_FUnaWccJhFVxmZ7NuQA	2023-06-06 18:46:36.866539+02
k2689mts0lu2qjvq56ed3i7eyv50hgy0	.eJxVjDsOwjAQBe_iGlnZZP0JJT1nsNa7Dg4gW4qTCnF3iJQC2jcz76UCbWsOW0tLmEWdFXh1-h0j8SOVncidyq1qrmVd5qh3RR-06WuV9Lwc7t9Bppa_tQVmj0Q8gUcG6Inj4DpBhGEktEDiGdl4GtCYkSZLCayLXe9RXLTq_QENqzf1:1q1VGZ:Vn7ogdeAtRJjqGKUPYT6lwDeFFiDzA77IG5MR0x5RSU	2023-06-06 18:53:43.89886+02
ds2e7w97zphsbs23ac3ssxexd0z57k16	.eJxVjDsOwjAQBe_iGlnZZP0JJT1nsNa7Dg4gW4qTCnF3iJQC2jcz76UCbWsOW0tLmEWdFXh1-h0j8SOVncidyq1qrmVd5qh3RR-06WuV9Lwc7t9Bppa_tQVmj0Q8gUcG6Inj4DpBhGEktEDiGdl4GtCYkSZLCayLXe9RXLTq_QENqzf1:1q1VHB:sDheBIbGGg2H8MK4V7JxFpojiwlcklunCBjyLaNnZxU	2023-06-06 18:54:21.662078+02
xyv3580m9e774mp2w7c87lzencsag1ml	.eJxVjDsOwjAQBe_iGlnZZP0JJT1nsNa7Dg4gW4qTCnF3iJQC2jcz76UCbWsOW0tLmEWdFXh1-h0j8SOVncidyq1qrmVd5qh3RR-06WuV9Lwc7t9Bppa_tQVmj0Q8gUcG6Inj4DpBhGEktEDiGdl4GtCYkSZLCayLXe9RXLTq_QENqzf1:1q1VJj:OdB5teliyhfKUCVAfrtKoVqwEWsD-dJ3FauOTGvbKiI	2023-06-06 18:56:59.958376+02
\.


--
-- TOC entry 3586 (class 0 OID 19831)
-- Dependencies: 237
-- Data for Name: leagues_league; Type: TABLE DATA; Schema: public; Owner: postgres
--

COPY public.leagues_league (id, name, "codeLeague", password, creator_id) FROM stdin;
21	123	100026f1	111	18
22	pacoRaban	ffce5222		18
9	La magia del padel	e93c06f4		18
10	pepito	e207a4ac	123	18
28	123	7b7f9372		22
7	1234	f77a5890	1234	22
12	ibai	9a10baee	123	18
11	cosmonautas	d3785ca5	12345	18
13	123	3569a0ca		18
5	2Daw	f74a44b9	DAW123	18
15	opa	5d000f15		18
30	raulitoGay	4aa6a564		24
16	1234	d121189d	1111	18
6	Mancos123	798def2e	123456	24
14	hola	8c2d5f22	123	18
17	1234	b98d975a	1111	18
31	fary	ec22fd60		18
19	123	ce66da18		18
18	ggg	c58007df		18
32	counterESTRIKE	3df7d845		30
34	Moto123	6139d9eb	123	32
20	vegeta	7b67797f		18
\.


--
-- TOC entry 3588 (class 0 OID 19839)
-- Dependencies: 239
-- Data for Name: leagues_league_users; Type: TABLE DATA; Schema: public; Owner: postgres
--

COPY public.leagues_league_users (id, league_id, users_id) FROM stdin;
2	5	22
43	28	22
48	20	18
49	20	22
50	30	24
51	20	24
52	31	18
53	32	30
54	20	30
55	20	25
57	20	31
58	34	32
59	20	32
\.


--
-- TOC entry 3600 (class 0 OID 19951)
-- Dependencies: 251
-- Data for Name: match_match; Type: TABLE DATA; Schema: public; Owner: postgres
--

COPY public.match_match (id, set1_score, set2_score, set3_score, tournament_id, start_time) FROM stdin;
5	6-1	2-5	3-1	7	2023-05-30 17:02:28.040274+02
6	4-6	5-4	5-3	7	2023-05-30 17:02:28.069009+02
7	6-5	4-5	2-4	7	2023-05-30 17:02:28.076691+02
8	6-3	3-1	5-6	7	2023-05-30 17:02:28.084336+02
9	4-4	2-4	0-4	7	2023-05-30 17:02:28.090868+02
10	0-3	0-1	4-6	7	2023-05-30 17:02:28.097602+02
11	6-0	6-2	4-3	7	2023-05-30 17:02:28.1046+02
12	6-2	5-5	2-0	7	2023-05-30 17:02:28.111115+02
13	5-1	4-0	2-4	7	2023-05-30 17:02:28.118274+02
14	6-3	0-5	4-6	7	2023-05-30 17:02:28.123866+02
15	3-4	6-6	5-5	7	2023-05-30 17:02:28.131181+02
16	4-5	3-6	6-4	7	2023-05-30 17:02:28.138274+02
17	1-4	2-6	3-5	7	2023-05-30 17:02:28.145273+02
18	3-4	2-2	1-2	7	2023-05-30 17:02:28.152149+02
19	6-4	1-6	1-4	7	2023-05-30 17:02:28.158706+02
20	3-4	3-4	4-1	8	2023-05-30 17:02:56.394162+02
21	6-1	1-0	0-0	8	2023-05-30 17:02:56.411631+02
22	1-0	0-4	4-1	8	2023-05-30 17:02:56.42017+02
23	1-3	4-5	2-4	8	2023-05-30 17:02:56.427275+02
24	4-5	6-1	6-5	8	2023-05-30 17:02:56.434274+02
25	3-0	5-6	6-1	8	2023-05-30 17:02:56.441812+02
26	4-5	2-0	3-5	8	2023-05-30 17:02:56.449099+02
27	1-5	5-6	0-0	8	2023-05-30 17:02:56.456114+02
28	4-6	3-6	6-3	8	2023-05-30 17:02:56.462214+02
29	6-2	2-6	6-5	8	2023-05-30 17:02:56.468782+02
30	0-1	6-2	3-0	8	2023-05-30 17:02:56.475231+02
31	4-0	6-1	1-5	8	2023-05-30 17:02:56.48221+02
32	4-0	4-3	4-0	8	2023-05-30 17:02:56.488746+02
33	3-3	0-0	6-3	8	2023-05-30 17:02:56.494745+02
34	6-4	2-5	2-0	8	2023-05-30 17:02:56.502276+02
\.


--
-- TOC entry 3602 (class 0 OID 19957)
-- Dependencies: 253
-- Data for Name: match_match_pair1; Type: TABLE DATA; Schema: public; Owner: postgres
--

COPY public.match_match_pair1 (id, match_id, player_id) FROM stdin;
1	5	41
2	5	3
3	6	24
4	6	91
5	7	100
6	7	93
7	8	25
8	8	95
9	9	89
10	9	19
11	10	99
12	10	87
13	11	29
14	11	86
15	12	88
16	12	90
17	13	18
18	13	4
19	14	28
20	14	101
21	15	36
22	15	61
23	16	29
24	16	86
25	17	18
26	17	4
27	18	36
28	18	61
29	19	18
30	19	4
31	20	44
32	20	62
33	21	43
34	21	86
35	22	50
36	22	63
37	23	89
38	23	92
39	24	101
40	24	95
41	25	96
42	25	99
43	26	33
44	26	98
45	27	90
46	27	21
47	28	72
48	28	80
49	29	97
50	29	100
51	30	64
52	30	91
53	31	93
54	31	87
55	32	72
56	32	80
57	33	74
58	33	76
59	34	28
60	34	13
\.


--
-- TOC entry 3604 (class 0 OID 19963)
-- Dependencies: 255
-- Data for Name: match_match_pair2; Type: TABLE DATA; Schema: public; Owner: postgres
--

COPY public.match_match_pair2 (id, match_id, player_id) FROM stdin;
1	5	18
2	5	4
3	6	57
4	6	98
5	7	28
6	7	101
7	8	97
8	8	92
9	9	36
10	9	61
11	10	42
12	10	84
13	11	81
14	11	94
15	12	96
16	12	35
17	13	24
18	13	91
19	14	25
20	14	95
21	15	42
22	15	84
23	16	88
24	16	90
25	17	25
26	17	95
27	18	29
28	18	86
29	19	29
30	19	86
31	20	72
32	20	80
33	21	88
34	21	77
35	22	97
36	22	100
37	23	28
38	23	13
39	24	64
40	24	91
41	25	74
42	25	76
43	26	93
44	26	87
45	27	46
46	27	94
47	28	43
48	28	86
49	29	28
50	29	13
51	30	74
52	30	76
53	31	46
54	31	94
55	32	28
56	32	13
57	33	93
58	33	87
59	34	93
60	34	87
\.


--
-- TOC entry 3606 (class 0 OID 19969)
-- Dependencies: 257
-- Data for Name: match_match_winner; Type: TABLE DATA; Schema: public; Owner: postgres
--

COPY public.match_match_winner (id, match_id, player_id) FROM stdin;
1	5	18
2	5	4
3	6	24
4	6	91
5	7	28
6	7	101
7	8	25
8	8	95
9	9	36
10	9	61
11	10	42
12	10	84
13	11	29
14	11	86
15	12	88
16	12	90
17	13	18
18	13	4
19	14	25
20	14	95
21	15	36
22	15	61
23	16	29
24	16	86
25	17	18
26	17	4
27	18	29
28	18	86
29	19	18
30	19	4
31	20	72
32	20	80
33	21	43
34	21	86
35	22	97
36	22	100
37	23	28
38	23	13
39	24	64
40	24	91
41	25	74
42	25	76
43	26	93
44	26	87
45	27	46
46	27	94
47	28	72
48	28	80
49	29	28
50	29	13
51	30	74
52	30	76
53	31	93
54	31	87
55	32	28
56	32	13
57	33	93
58	33	87
59	34	28
60	34	13
\.


--
-- TOC entry 3590 (class 0 OID 19866)
-- Dependencies: 241
-- Data for Name: players_player; Type: TABLE DATA; Schema: public; Owner: postgres
--

COPY public.players_player (id, name, surname, ranking, points, winrate, price, tournament_points) FROM stdin;
2	Juan	Lebrón	1	1000	30	350	0
3	Alejandro	Galán	2	1000	30	350	0
5	Agustín	tapia	4	1250	45	425	0
6	Martín	Di nenno	5	800	30	300	0
7	Franco	Stupaczuk	6	800	35	300	0
8	Fernando	Belasteguín	7	700	25	250	0
10	Jerónimo	González	9	500	25	240	0
11	Francisco	Navarro	10	500	25	240	0
12	Juan	Tello	11	480	23	235	0
14	Alejandro	Ruiz	13	450	22	230	0
15	Pablo	Lima	14	445	20	230	0
16	Luciano	Capra	15	400	18	200	0
17	Maximiliano	Sánchez	16	400	18	200	0
19	Miguel	Yanguas	18	390	19	200	0
20	Jorge	Nieto	19	380	18	180	0
9	Daniel	Gutiérrez	8	700	25	250	0
21	José 	García	20	380	18	180	0
30	Miguel	Lamperti	29	300	12	80	0
31	Ramiro	Moyano	30	300	12	80	0
84	Cristian	Gutiérrez	83	80	5	75	0
36	Lucas	Bergamini	35	340	12	80	0
18	Javier	Garrido	17	600	20	210	0
4	Arturo	Coello	3	1400	40	420	0
97	Facundo	Domínguez	96	50	5	20	0
76	Daniel	Windahl	75	140	10	75	0
50	Valentino	Libaak	49	200	10	80	0
87	Benjamin	Tison	86	180	5	50	0
13	Federico	Chingotto	12	680	23	235	0
28	Agustín	Gutiérrez	27	570	15	100	0
99	Jorge	Nieto	98	30	0	20	0
22	Antonio	Fernandez 	21	380	18	150	0
23	Lucas	Campagnolo	22	380	15	150	0
26	Javier	Ruiz 	25	350	15	100	0
27	Alejandro	Arroyo	26	350	15	100	0
32	Eduardo	Alonso 	31	300	12	80	0
33	Juanlu	Esbri 	32	300	12	80	0
34	José	Rico 	33	300	12	80	0
35	Víctor	Ruiz 	34	280	12	80	0
37	Iván	Ramírez	36	280	12	80	0
40	Javier	González 	39	250	12	80	0
41	Javier	García	40	250	12	80	0
44	Marc	Quílez 	43	250	10	80	0
45	Antón	Sans 	44	250	10	80	0
47	Toni	Bueno 	46	220	10	80	0
48	Ignacio	Vilariño 	47	220	10	80	0
49	Jaime	Muñoz 	48	200	10	80	0
51	Pablo	Cardona 	50	200	10	80	0
52	Leandro	Augsburger	51	180	10	80	0
54	Salvador	Oria 	53	150	10	80	0
56	Jorge	Ruiz 	55	150	10	80	0
57	Rafael	Méndez 	56	150	10	80	0
58	Jesús	Moya 	57	130	10	80	0
59	Álvaro	Cepero 	58	130	0	80	0
60	Mario	Del Castillo 	59	130	10	80	0
62	Martín	Sánchez 	61	130	10	80	0
63	Raúl	Marcos 	62	120	10	75	0
66	Javier	Martínez 	65	120	10	75	0
67	Pablo	Lijó 	66	120	10	75	0
68	Enrique	Goenaga 	67	120	10	75	0
69	José	Solano 	68	100	10	75	0
70	Francisco	Guerrero 	69	100	10	75	0
71	Jaime	Fermosell 	70	100	10	75	0
73	Pablo	García 	72	100	10	75	0
75	Denis	Tomas 	74	100	10	75	0
77	Cristobal	García 	76	80	10	75	0
78	Cándido	Jorge 	77	80	10	75	0
79	Borja	Yribarren 	78	80	10	75	0
82	Pedro	Meléndez 	81	60	5	75	0
83	Alonso	Rodríguez 	82	60	5	75	0
85	Daniel	Santigosa 	84	60	5	50	0
89	Diego	Gil 	88	50	5	50	0
92	Boris	Castro 	91	50	5	50	0
96	Aitor	García 	95	30	5	50	0
38	Juan 	Belluati 	37	280	12	80	0
39	Javier	Leal	38	250	12	80	0
53	Juan 	Díaz 	52	180	10	80	0
55	Teodoro 	Zapata 	54	150	10	80	0
65	Jairo 	Bautista 	64	120	10	75	0
81	Miguel 	Solbes 	80	80	10	75	0
98	José 	Mouliaa 	97	30	5	20	0
24	Jon	Sanz	23	400	20	150	0
101	Jaime	Menéndez 	100	30	5	20	0
86	David	Gala 	85	200	5	50	0
43	Agustín	Gómez 	42	270	12	80	0
42	Javier	Rico 	41	270	12	80	0
100	Emilio	Sanchez 	99	50	5	20	0
64	Sergio	Alba 	63	140	10	75	0
90	Federico	Mouriño 	89	70	5	50	0
88	Luis	Hernández 	87	70	5	50	0
95	Víctor 	Mena 	94	110	5	50	0
25	Gonzalo	Rubio 	24	410	15	150	0
61	Arnau	Ayats 	60	190	10	80	0
91	Alvaro	Meléndez 	90	90	5	50	0
29	Francisco 	Gil 	28	470	12	100	0
94	Mario	Huete 	93	70	5	50	0
46	Miguel	Benítez 	45	240	10	80	0
72	Miguel	Semmler 	71	160	10	75	0
80	Javier	Valdes 	79	140	10	75	0
74	Jose	Jimenez 	73	160	10	75	0
93	José 	Sanchez 	92	170	5	50	0
\.


--
-- TOC entry 3592 (class 0 OID 19872)
-- Dependencies: 243
-- Data for Name: players_player_users; Type: TABLE DATA; Schema: public; Owner: postgres
--

COPY public.players_player_users (id, player_id, users_id) FROM stdin;
1	31	26
2	74	26
3	37	26
4	41	26
5	59	26
6	15	27
7	70	27
8	61	27
9	48	27
10	51	27
11	7	28
12	43	28
13	64	28
14	89	28
15	57	28
87	28	24
88	88	24
89	48	24
90	50	24
91	33	24
92	46	24
94	100	24
108	29	31
110	20	31
111	21	31
112	8	18
113	33	18
114	39	18
122	21	32
124	97	32
125	83	32
64	82	30
65	11	30
72	17	22
73	40	22
74	67	22
75	75	22
76	56	22
77	6	25
78	81	25
79	85	25
80	50	25
81	67	25
\.


--
-- TOC entry 3594 (class 0 OID 19904)
-- Dependencies: 245
-- Data for Name: tournaments_tournament; Type: TABLE DATA; Schema: public; Owner: postgres
--

COPY public.tournaments_tournament (id, name, location, end_time, start_time) FROM stdin;
1	Marbella Master	Marbella	2023-05-30 16:13:04.371606+02	2023-05-30 16:13:04.393283+02
2	Marbella Master	Marbella	2023-05-30 16:13:04.371606+02	2023-05-30 16:13:04.393283+02
3	Marbella Master	Marbella	2023-05-30 16:13:04.371606+02	2023-05-30 16:13:04.393283+02
4	Marbella Master	Marbella	2023-05-30 16:13:04.371606+02	2023-05-30 16:13:04.393283+02
5	Marbella Master	Marbella	2023-05-31 23:53:00+02	2023-05-31 16:53:00+02
6	marbella master	marbella	2023-06-02 16:57:00+02	2023-05-30 16:57:00+02
7	marbella master	marbella	2023-06-02 16:57:00+02	2023-05-30 16:57:00+02
8	sevilla master	sevilla	2023-06-02 16:57:00+02	2023-05-30 16:57:00+02
9	asd	asd	2023-05-31 17:35:00+02	2023-05-31 17:35:00+02
10	Madrid Master Final	Madrid	2023-05-30 20:40:00+02	2023-05-30 19:40:00+02
11	asd	asd	2023-06-06 17:46:00+02	2023-06-01 17:46:00+02
12	asd	asd	2023-06-30 17:46:00+02	2023-06-30 17:46:00+02
13	paco	sevilla	2023-05-31 23:52:00+02	2023-05-31 19:48:00+02
14	paco	sevilla	2023-05-31 23:52:00+02	2023-05-31 19:48:00+02
15	marbella	marbella	2023-06-02 19:55:00+02	2023-05-31 19:55:00+02
16	marbella	marbella	2023-06-02 19:55:00+02	2023-05-31 19:55:00+02
17	Alemania master	Alemania	2023-06-03 20:06:00+02	2023-06-01 20:06:00+02
18	paquito	paquitoo	2023-06-01 20:10:00+02	2023-05-31 20:10:00+02
19	paquito	paquitoo	2023-06-01 20:10:00+02	2023-05-31 20:10:00+02
20	juanito	juan	2023-06-06 20:11:00+02	2023-05-31 20:11:00+02
\.


--
-- TOC entry 3596 (class 0 OID 19910)
-- Dependencies: 247
-- Data for Name: tournaments_tournament_leagues; Type: TABLE DATA; Schema: public; Owner: postgres
--

COPY public.tournaments_tournament_leagues (id, tournament_id, league_id) FROM stdin;
\.


--
-- TOC entry 3598 (class 0 OID 19916)
-- Dependencies: 249
-- Data for Name: tournaments_tournament_players; Type: TABLE DATA; Schema: public; Owner: postgres
--

COPY public.tournaments_tournament_players (id, tournament_id, player_id) FROM stdin;
\.


--
-- TOC entry 3583 (class 0 OID 19807)
-- Dependencies: 234
-- Data for Name: users_users; Type: TABLE DATA; Schema: public; Owner: postgres
--

COPY public.users_users (last_login, id, first_name, email, password, cash, "userPoints") FROM stdin;
\N	1	Juan	juan@example.com	pbkdf2_sha256$390000$5Zyuy1DI5Xy298mghNN2rS$nPCMtEBSAgsPXehxKdcSI0XO/D0H74GTfRSO8oMMQNY=	50	0.00
\N	2	Alberto	Alberto@example.com	pbkdf2_sha256$390000$9ID5ZQTJeK7LoWyGiccpMH$xXX//WCGjnDfri1NZNpfXpLLWiprVaU9qerRDTbKdfw=	50	0.00
\N	3	Juan123	juan11@example.com	pbkdf2_sha256$390000$tTQQCXIH1nCto2oC3BSeFh$S5L73fmroLPUD6xlPXt6suADT5FewrSqBSzFfSvGxrs=	50	0.00
\N	4	varilla	varilla019@example.com	pbkdf2_sha256$390000$Od9yF6kHggub50fYFJ3ZnV$8hvr6ZNLnpbBKhr3zLCDG7tZb4UTlxXVLQiHrKKeGrk=	50	0.00
\N	5	varillaPlayer	playero@gmail.com	pbkdf2_sha256$390000$ghkvKSdwi0SRGhyscZshtg$/Skv1TFthsQ72Xc82C/9ByGjNP2lyql9JC/BC20VYV8=	50	0.00
\N	6	triana	trianarb@gmail.com	pbkdf2_sha256$390000$gn1hlfc2j1TRLjOl5IKzeV$7EuShelCphjTBAjlP3ijEUEB5qJlp2oro6FEiJtwD0E=	50	0.00
\N	7	trianarb19	trianarb12@gmail.com	pbkdf2_sha256$390000$lnvR5EryYE7Iosw6tjvvkl$J1S8qM0hZteQL3hekpfD639Q9rHhhYbLdvc90aq9358=	50	0.00
\N	8	sergiovar	varillatt@gmail.com	pbkdf2_sha256$390000$S1Zpd4dX5ikolN6Vu4t50G$MhfpYG2oH8MyDxRiCPSiBsFD9EACElRb8A1yiI/yTVo=	50	0.00
\N	9	davidVarilla	david11@gmail.com	pbkdf2_sha256$390000$UaqrELTbm8jSPt15dTAreG$BPWQD9nyTjb1HNwSATEOpkXBJyjiE7Wzr/L3lbfoHmY=	50	0.00
\N	10	sergio123	varilla123@gmail.com	pbkdf2_sha256$390000$RDGX1F61LeL8DJjzQwc2Cn$R9SOTZ/a/EeSrXgeqMzuPYaqHUogavRRkfGNghQoMZY=	50	0.00
\N	25	raulito	raulito123@gmail.com	pbkdf2_sha256$390000$tcV0TNYyFPdthUlI7AeS31$4b0cQ3b5okNnmUckv+Fuiv523WXtHOcbLKTZcuaLL74=	50	1260.00
2023-04-26 17:45:54.874734+02	11	trianaRuiz	trianaruiz19@gmail.com	pbkdf2_sha256$390000$Tlv9oyP1sqUZUim2p2yzli$xsaRjCGSg43CyEPJo8xE7Wmd25BQZOYL5y5Wpsk7pdY=	50	0.00
2023-04-27 13:20:53.428962+02	12	xoxema	xoxema@gmail.com	pbkdf2_sha256$390000$xOH43LMshGQfZBPQWLl5WI$jnCn2pYCFTzF/J3aE9gI6zZgZ9HSFUvtIHEoRYPze4A=	50	0.00
\N	13	xoxema	xoxema123@gmail.com	pbkdf2_sha256$390000$bmRfINtT2oRvIUdyc1jrqi$0AsDTWhDAixNVhb9rSraB2TJqz5IN795RLsX0ItpivE=	50	0.00
2023-05-18 21:00:18.201881+02	14	fary	fary123@gmail.com	pbkdf2_sha256$390000$j5CLXBlItjB0DYlbwIbyBN$OhgY5jrv1R+gni5kIjn1XCcvZJ62jfckTOK4NrU7rQk=	50	0.00
2023-05-18 21:05:19.746477+02	15	playero1234	xoxemaPlayer@gmail.com	pbkdf2_sha256$390000$hiBgmoSna5vrin8TGAEWfr$4OzK7DAKYa8FTTevFHaR7KFfYUQ4BcSnD1Hc+pwU7PA=	50	0.00
\N	16	antopaco	antopaco@gmail.com	pbkdf2_sha256$390000$a6MsZIqPCCGMj1tnLEsyBG$B6HrYhSA5DgCeSI4GcSMGNuSO7wjCr3QWR1cBxdV5Gw=	50	0.00
\N	17	antonio	trianaruiz199@gmail.com	pbkdf2_sha256$390000$7zX5xxixhbfDPDVKkdKwS5$Cpila+rtfurlsMs7ElZdKifuWYeBXkxbze+8ZoWT0VA=	50	0.00
\N	19	varilla123	xoxema12345@gmail.com	pbkdf2_sha256$390000$H4xHhma0bXZ81BsfBjXcvX$ODYaJ9yQR319t4Yr6p0z24hOFfuLqsnLyzMj87tby2Q=	50	0.00
\N	30	davidSuarez	davidSuarez@gmail.com	pbkdf2_sha256$390000$eO3UktH3xQpOYHfDeGMVXf$LjOR/c+WEMreLNgfrtlfdtt5JJmzoNjrv6+Xk4oLbHU=	-110	560.00
\N	20	david018	david018@gmail.com	pbkdf2_sha256$390000$oPCl9jgmhnD270EjnQTOmR$SwfBCjCbWgiazjpaEM0uW7BEwSvml3dZxqXNWDXQVsA=	50	0.00
\N	21	antonia1233	antonia1233@gmail.com	pbkdf2_sha256$390000$tWB9bcki7xLlmfQQbN87vH$2HgZLcT3Qjgz1+xfjGOCYdxwQjAD7OkMXd6dowqWOiQ=	50	0.00
\N	23	xoxemaGay	xoxemagay@gmail.com	pbkdf2_sha256$390000$Bs4HAX7bOpvTZVDQUolhWp$2P2tQMr7nnoQD0H0GZMu3n7BvXJErcr2ysvRZ3igzpk=	50	0.00
\N	26	varilla019	varilla019@gmail.com	pbkdf2_sha256$390000$Bs9JqbQUBfx1f7tl9fpFxg$3Qdrw9nIpgjw1LqDadGzgWuDZwaaFIwG6dtXZKSznFg=	50	0.00
\N	27	antoniaGarrido	antoniaa@gmail.com	pbkdf2_sha256$390000$ggKjF099JrXZlQyST8DpEJ$pGkfKRlUScXRHxtz3911OvaJIwqnSkx+sJUaqsVY9Qo=	50	0.00
\N	28	farypadel	farypadel@gmail.com	pbkdf2_sha256$390000$b0tj4qKiSHaUMVUaviOzz0$c2xN5kbyVJFm0hHYBixBTwtGkz9nKa5nwnV36XnVKKc=	50	0.00
\N	29	varillaGarrido	varillaGarrido@gmail.com	pbkdf2_sha256$390000$4g0XoDGRGGnqamI9AZ3CBz$g3Wh7dTFyi72gxQLQwBfEUNEL/ND7aWx9BqCcvwjXXY=	50	0.00
\N	24	raulito123	raulito@gmail.com	pbkdf2_sha256$390000$XR5F5ZeJedLiWK1rCxlOoS$4c9h/pnFq9HS92Ed+t6kfkDzGYIW3lA7nhv8VN1ew2w=	30	1370.00
\N	22	illojuan	illojuan@gmail.com	pbkdf2_sha256$390000$mp3GuBaatSOeSoK2TwMWQB$yq3PH8mx7kCyljLBsI4yO2/gRoJ2YyYQH1hBEtS6dms=	50	1020.00
\N	32	yuriMoto	yuriMoto69@gmail.com	pbkdf2_sha256$390000$qRsEH0Z0jTMlhIwMbDGatd$icceF+PGxSuBC0CkwzNMtLpSHhoSpSi/JCL4EYzGQaU=	170	490.00
\N	31	pescaLoco	pescaLoco@gmail.com	pbkdf2_sha256$390000$GaQ6OJbrD8OLg4eCvJYAaC$X0xRyD6O3Z0PjZDOjdg0rj+GBEa9jaqm96C4x/YocZU=	170	1110.00
2023-05-23 18:56:59.957371+02	18	varilla018	varilla018@gmail.com	pbkdf2_sha256$390000$zTo55u2jtUPJsSUmdY4q3w$kayZosEF/DQdTftytZ/FpWTYFEeVx+Z1jMvLq9JEyeU=	85	1250.00
\.


--
-- TOC entry 3612 (class 0 OID 0)
-- Dependencies: 220
-- Name: auth_group_id_seq; Type: SEQUENCE SET; Schema: public; Owner: postgres
--

SELECT pg_catalog.setval('public.auth_group_id_seq', 1, false);


--
-- TOC entry 3613 (class 0 OID 0)
-- Dependencies: 222
-- Name: auth_group_permissions_id_seq; Type: SEQUENCE SET; Schema: public; Owner: postgres
--

SELECT pg_catalog.setval('public.auth_group_permissions_id_seq', 1, false);


--
-- TOC entry 3614 (class 0 OID 0)
-- Dependencies: 218
-- Name: auth_permission_id_seq; Type: SEQUENCE SET; Schema: public; Owner: postgres
--

SELECT pg_catalog.setval('public.auth_permission_id_seq', 52, true);


--
-- TOC entry 3615 (class 0 OID 0)
-- Dependencies: 226
-- Name: auth_user_groups_id_seq; Type: SEQUENCE SET; Schema: public; Owner: postgres
--

SELECT pg_catalog.setval('public.auth_user_groups_id_seq', 1, false);


--
-- TOC entry 3616 (class 0 OID 0)
-- Dependencies: 224
-- Name: auth_user_id_seq; Type: SEQUENCE SET; Schema: public; Owner: postgres
--

SELECT pg_catalog.setval('public.auth_user_id_seq', 1, false);


--
-- TOC entry 3617 (class 0 OID 0)
-- Dependencies: 228
-- Name: auth_user_user_permissions_id_seq; Type: SEQUENCE SET; Schema: public; Owner: postgres
--

SELECT pg_catalog.setval('public.auth_user_user_permissions_id_seq', 1, false);


--
-- TOC entry 3618 (class 0 OID 0)
-- Dependencies: 230
-- Name: django_admin_log_id_seq; Type: SEQUENCE SET; Schema: public; Owner: postgres
--

SELECT pg_catalog.setval('public.django_admin_log_id_seq', 1, false);


--
-- TOC entry 3619 (class 0 OID 0)
-- Dependencies: 216
-- Name: django_content_type_id_seq; Type: SEQUENCE SET; Schema: public; Owner: postgres
--

SELECT pg_catalog.setval('public.django_content_type_id_seq', 13, true);


--
-- TOC entry 3620 (class 0 OID 0)
-- Dependencies: 214
-- Name: django_migrations_id_seq; Type: SEQUENCE SET; Schema: public; Owner: postgres
--

SELECT pg_catalog.setval('public.django_migrations_id_seq', 35, true);


--
-- TOC entry 3621 (class 0 OID 0)
-- Dependencies: 236
-- Name: leagues_league_id_seq; Type: SEQUENCE SET; Schema: public; Owner: postgres
--

SELECT pg_catalog.setval('public.leagues_league_id_seq', 34, true);


--
-- TOC entry 3622 (class 0 OID 0)
-- Dependencies: 238
-- Name: leagues_league_users_id_seq; Type: SEQUENCE SET; Schema: public; Owner: postgres
--

SELECT pg_catalog.setval('public.leagues_league_users_id_seq', 59, true);


--
-- TOC entry 3623 (class 0 OID 0)
-- Dependencies: 250
-- Name: match_match_id_seq; Type: SEQUENCE SET; Schema: public; Owner: postgres
--

SELECT pg_catalog.setval('public.match_match_id_seq', 34, true);


--
-- TOC entry 3624 (class 0 OID 0)
-- Dependencies: 252
-- Name: match_match_pair1_id_seq; Type: SEQUENCE SET; Schema: public; Owner: postgres
--

SELECT pg_catalog.setval('public.match_match_pair1_id_seq', 60, true);


--
-- TOC entry 3625 (class 0 OID 0)
-- Dependencies: 254
-- Name: match_match_pair2_id_seq; Type: SEQUENCE SET; Schema: public; Owner: postgres
--

SELECT pg_catalog.setval('public.match_match_pair2_id_seq', 60, true);


--
-- TOC entry 3626 (class 0 OID 0)
-- Dependencies: 256
-- Name: match_match_winner_id_seq; Type: SEQUENCE SET; Schema: public; Owner: postgres
--

SELECT pg_catalog.setval('public.match_match_winner_id_seq', 60, true);


--
-- TOC entry 3627 (class 0 OID 0)
-- Dependencies: 240
-- Name: players_player_id_seq; Type: SEQUENCE SET; Schema: public; Owner: postgres
--

SELECT pg_catalog.setval('public.players_player_id_seq', 101, true);


--
-- TOC entry 3628 (class 0 OID 0)
-- Dependencies: 242
-- Name: players_player_users_id_seq; Type: SEQUENCE SET; Schema: public; Owner: postgres
--

SELECT pg_catalog.setval('public.players_player_users_id_seq', 125, true);


--
-- TOC entry 3629 (class 0 OID 0)
-- Dependencies: 244
-- Name: tournaments_tournament_id_seq; Type: SEQUENCE SET; Schema: public; Owner: postgres
--

SELECT pg_catalog.setval('public.tournaments_tournament_id_seq', 20, true);


--
-- TOC entry 3630 (class 0 OID 0)
-- Dependencies: 246
-- Name: tournaments_tournament_leagues_id_seq; Type: SEQUENCE SET; Schema: public; Owner: postgres
--

SELECT pg_catalog.setval('public.tournaments_tournament_leagues_id_seq', 1, false);


--
-- TOC entry 3631 (class 0 OID 0)
-- Dependencies: 248
-- Name: tournaments_tournament_players_id_seq; Type: SEQUENCE SET; Schema: public; Owner: postgres
--

SELECT pg_catalog.setval('public.tournaments_tournament_players_id_seq', 1, false);


--
-- TOC entry 3632 (class 0 OID 0)
-- Dependencies: 233
-- Name: users_users_id_seq; Type: SEQUENCE SET; Schema: public; Owner: postgres
--

SELECT pg_catalog.setval('public.users_users_id_seq', 32, true);


--
-- TOC entry 3296 (class 2606 OID 19795)
-- Name: auth_group auth_group_name_key; Type: CONSTRAINT; Schema: public; Owner: postgres
--

ALTER TABLE ONLY public.auth_group
    ADD CONSTRAINT auth_group_name_key UNIQUE (name);


--
-- TOC entry 3301 (class 2606 OID 19726)
-- Name: auth_group_permissions auth_group_permissions_group_id_permission_id_0cd325b0_uniq; Type: CONSTRAINT; Schema: public; Owner: postgres
--

ALTER TABLE ONLY public.auth_group_permissions
    ADD CONSTRAINT auth_group_permissions_group_id_permission_id_0cd325b0_uniq UNIQUE (group_id, permission_id);


--
-- TOC entry 3304 (class 2606 OID 19695)
-- Name: auth_group_permissions auth_group_permissions_pkey; Type: CONSTRAINT; Schema: public; Owner: postgres
--

ALTER TABLE ONLY public.auth_group_permissions
    ADD CONSTRAINT auth_group_permissions_pkey PRIMARY KEY (id);


--
-- TOC entry 3298 (class 2606 OID 19687)
-- Name: auth_group auth_group_pkey; Type: CONSTRAINT; Schema: public; Owner: postgres
--

ALTER TABLE ONLY public.auth_group
    ADD CONSTRAINT auth_group_pkey PRIMARY KEY (id);


--
-- TOC entry 3291 (class 2606 OID 19717)
-- Name: auth_permission auth_permission_content_type_id_codename_01ab375a_uniq; Type: CONSTRAINT; Schema: public; Owner: postgres
--

ALTER TABLE ONLY public.auth_permission
    ADD CONSTRAINT auth_permission_content_type_id_codename_01ab375a_uniq UNIQUE (content_type_id, codename);


--
-- TOC entry 3293 (class 2606 OID 19681)
-- Name: auth_permission auth_permission_pkey; Type: CONSTRAINT; Schema: public; Owner: postgres
--

ALTER TABLE ONLY public.auth_permission
    ADD CONSTRAINT auth_permission_pkey PRIMARY KEY (id);


--
-- TOC entry 3312 (class 2606 OID 19709)
-- Name: auth_user_groups auth_user_groups_pkey; Type: CONSTRAINT; Schema: public; Owner: postgres
--

ALTER TABLE ONLY public.auth_user_groups
    ADD CONSTRAINT auth_user_groups_pkey PRIMARY KEY (id);


--
-- TOC entry 3315 (class 2606 OID 19741)
-- Name: auth_user_groups auth_user_groups_user_id_group_id_94350c0c_uniq; Type: CONSTRAINT; Schema: public; Owner: postgres
--

ALTER TABLE ONLY public.auth_user_groups
    ADD CONSTRAINT auth_user_groups_user_id_group_id_94350c0c_uniq UNIQUE (user_id, group_id);


--
-- TOC entry 3306 (class 2606 OID 19701)
-- Name: auth_user auth_user_pkey; Type: CONSTRAINT; Schema: public; Owner: postgres
--

ALTER TABLE ONLY public.auth_user
    ADD CONSTRAINT auth_user_pkey PRIMARY KEY (id);


--
-- TOC entry 3318 (class 2606 OID 19715)
-- Name: auth_user_user_permissions auth_user_user_permissions_pkey; Type: CONSTRAINT; Schema: public; Owner: postgres
--

ALTER TABLE ONLY public.auth_user_user_permissions
    ADD CONSTRAINT auth_user_user_permissions_pkey PRIMARY KEY (id);


--
-- TOC entry 3321 (class 2606 OID 19755)
-- Name: auth_user_user_permissions auth_user_user_permissions_user_id_permission_id_14a6b632_uniq; Type: CONSTRAINT; Schema: public; Owner: postgres
--

ALTER TABLE ONLY public.auth_user_user_permissions
    ADD CONSTRAINT auth_user_user_permissions_user_id_permission_id_14a6b632_uniq UNIQUE (user_id, permission_id);


--
-- TOC entry 3309 (class 2606 OID 19790)
-- Name: auth_user auth_user_username_key; Type: CONSTRAINT; Schema: public; Owner: postgres
--

ALTER TABLE ONLY public.auth_user
    ADD CONSTRAINT auth_user_username_key UNIQUE (username);


--
-- TOC entry 3337 (class 2606 OID 19821)
-- Name: authtoken_token authtoken_token_pkey; Type: CONSTRAINT; Schema: public; Owner: postgres
--

ALTER TABLE ONLY public.authtoken_token
    ADD CONSTRAINT authtoken_token_pkey PRIMARY KEY (key);


--
-- TOC entry 3339 (class 2606 OID 19823)
-- Name: authtoken_token authtoken_token_user_id_key; Type: CONSTRAINT; Schema: public; Owner: postgres
--

ALTER TABLE ONLY public.authtoken_token
    ADD CONSTRAINT authtoken_token_user_id_key UNIQUE (user_id);


--
-- TOC entry 3324 (class 2606 OID 19776)
-- Name: django_admin_log django_admin_log_pkey; Type: CONSTRAINT; Schema: public; Owner: postgres
--

ALTER TABLE ONLY public.django_admin_log
    ADD CONSTRAINT django_admin_log_pkey PRIMARY KEY (id);


--
-- TOC entry 3286 (class 2606 OID 19675)
-- Name: django_content_type django_content_type_app_label_model_76bd3d3b_uniq; Type: CONSTRAINT; Schema: public; Owner: postgres
--

ALTER TABLE ONLY public.django_content_type
    ADD CONSTRAINT django_content_type_app_label_model_76bd3d3b_uniq UNIQUE (app_label, model);


--
-- TOC entry 3288 (class 2606 OID 19673)
-- Name: django_content_type django_content_type_pkey; Type: CONSTRAINT; Schema: public; Owner: postgres
--

ALTER TABLE ONLY public.django_content_type
    ADD CONSTRAINT django_content_type_pkey PRIMARY KEY (id);


--
-- TOC entry 3284 (class 2606 OID 19667)
-- Name: django_migrations django_migrations_pkey; Type: CONSTRAINT; Schema: public; Owner: postgres
--

ALTER TABLE ONLY public.django_migrations
    ADD CONSTRAINT django_migrations_pkey PRIMARY KEY (id);


--
-- TOC entry 3328 (class 2606 OID 19803)
-- Name: django_session django_session_pkey; Type: CONSTRAINT; Schema: public; Owner: postgres
--

ALTER TABLE ONLY public.django_session
    ADD CONSTRAINT django_session_pkey PRIMARY KEY (session_key);


--
-- TOC entry 3342 (class 2606 OID 19837)
-- Name: leagues_league leagues_league_codeLeague_key; Type: CONSTRAINT; Schema: public; Owner: postgres
--

ALTER TABLE ONLY public.leagues_league
    ADD CONSTRAINT "leagues_league_codeLeague_key" UNIQUE ("codeLeague");


--
-- TOC entry 3345 (class 2606 OID 19835)
-- Name: leagues_league leagues_league_pkey; Type: CONSTRAINT; Schema: public; Owner: postgres
--

ALTER TABLE ONLY public.leagues_league
    ADD CONSTRAINT leagues_league_pkey PRIMARY KEY (id);


--
-- TOC entry 3348 (class 2606 OID 19852)
-- Name: leagues_league_users leagues_league_users_league_id_users_id_2d21752b_uniq; Type: CONSTRAINT; Schema: public; Owner: postgres
--

ALTER TABLE ONLY public.leagues_league_users
    ADD CONSTRAINT leagues_league_users_league_id_users_id_2d21752b_uniq UNIQUE (league_id, users_id);


--
-- TOC entry 3350 (class 2606 OID 19843)
-- Name: leagues_league_users leagues_league_users_pkey; Type: CONSTRAINT; Schema: public; Owner: postgres
--

ALTER TABLE ONLY public.leagues_league_users
    ADD CONSTRAINT leagues_league_users_pkey PRIMARY KEY (id);


--
-- TOC entry 3379 (class 2606 OID 19981)
-- Name: match_match_pair1 match_match_pair1_match_id_player_id_564e28fb_uniq; Type: CONSTRAINT; Schema: public; Owner: postgres
--

ALTER TABLE ONLY public.match_match_pair1
    ADD CONSTRAINT match_match_pair1_match_id_player_id_564e28fb_uniq UNIQUE (match_id, player_id);


--
-- TOC entry 3381 (class 2606 OID 19961)
-- Name: match_match_pair1 match_match_pair1_pkey; Type: CONSTRAINT; Schema: public; Owner: postgres
--

ALTER TABLE ONLY public.match_match_pair1
    ADD CONSTRAINT match_match_pair1_pkey PRIMARY KEY (id);


--
-- TOC entry 3385 (class 2606 OID 19995)
-- Name: match_match_pair2 match_match_pair2_match_id_player_id_c4616f29_uniq; Type: CONSTRAINT; Schema: public; Owner: postgres
--

ALTER TABLE ONLY public.match_match_pair2
    ADD CONSTRAINT match_match_pair2_match_id_player_id_c4616f29_uniq UNIQUE (match_id, player_id);


--
-- TOC entry 3387 (class 2606 OID 19967)
-- Name: match_match_pair2 match_match_pair2_pkey; Type: CONSTRAINT; Schema: public; Owner: postgres
--

ALTER TABLE ONLY public.match_match_pair2
    ADD CONSTRAINT match_match_pair2_pkey PRIMARY KEY (id);


--
-- TOC entry 3375 (class 2606 OID 19955)
-- Name: match_match match_match_pkey; Type: CONSTRAINT; Schema: public; Owner: postgres
--

ALTER TABLE ONLY public.match_match
    ADD CONSTRAINT match_match_pkey PRIMARY KEY (id);


--
-- TOC entry 3391 (class 2606 OID 20009)
-- Name: match_match_winner match_match_winner_match_id_player_id_1d4a4bce_uniq; Type: CONSTRAINT; Schema: public; Owner: postgres
--

ALTER TABLE ONLY public.match_match_winner
    ADD CONSTRAINT match_match_winner_match_id_player_id_1d4a4bce_uniq UNIQUE (match_id, player_id);


--
-- TOC entry 3393 (class 2606 OID 19973)
-- Name: match_match_winner match_match_winner_pkey; Type: CONSTRAINT; Schema: public; Owner: postgres
--

ALTER TABLE ONLY public.match_match_winner
    ADD CONSTRAINT match_match_winner_pkey PRIMARY KEY (id);


--
-- TOC entry 3353 (class 2606 OID 19870)
-- Name: players_player players_player_pkey; Type: CONSTRAINT; Schema: public; Owner: postgres
--

ALTER TABLE ONLY public.players_player
    ADD CONSTRAINT players_player_pkey PRIMARY KEY (id);


--
-- TOC entry 3355 (class 2606 OID 19876)
-- Name: players_player_users players_player_users_pkey; Type: CONSTRAINT; Schema: public; Owner: postgres
--

ALTER TABLE ONLY public.players_player_users
    ADD CONSTRAINT players_player_users_pkey PRIMARY KEY (id);


--
-- TOC entry 3358 (class 2606 OID 19878)
-- Name: players_player_users players_player_users_player_id_users_id_6a3e61e5_uniq; Type: CONSTRAINT; Schema: public; Owner: postgres
--

ALTER TABLE ONLY public.players_player_users
    ADD CONSTRAINT players_player_users_player_id_users_id_6a3e61e5_uniq UNIQUE (player_id, users_id);


--
-- TOC entry 3363 (class 2606 OID 19922)
-- Name: tournaments_tournament_leagues tournaments_tournament_l_tournament_id_league_id_b41de862_uniq; Type: CONSTRAINT; Schema: public; Owner: postgres
--

ALTER TABLE ONLY public.tournaments_tournament_leagues
    ADD CONSTRAINT tournaments_tournament_l_tournament_id_league_id_b41de862_uniq UNIQUE (tournament_id, league_id);


--
-- TOC entry 3366 (class 2606 OID 19914)
-- Name: tournaments_tournament_leagues tournaments_tournament_leagues_pkey; Type: CONSTRAINT; Schema: public; Owner: postgres
--

ALTER TABLE ONLY public.tournaments_tournament_leagues
    ADD CONSTRAINT tournaments_tournament_leagues_pkey PRIMARY KEY (id);


--
-- TOC entry 3369 (class 2606 OID 19936)
-- Name: tournaments_tournament_players tournaments_tournament_p_tournament_id_player_id_37bc35d1_uniq; Type: CONSTRAINT; Schema: public; Owner: postgres
--

ALTER TABLE ONLY public.tournaments_tournament_players
    ADD CONSTRAINT tournaments_tournament_p_tournament_id_player_id_37bc35d1_uniq UNIQUE (tournament_id, player_id);


--
-- TOC entry 3361 (class 2606 OID 19908)
-- Name: tournaments_tournament tournaments_tournament_pkey; Type: CONSTRAINT; Schema: public; Owner: postgres
--

ALTER TABLE ONLY public.tournaments_tournament
    ADD CONSTRAINT tournaments_tournament_pkey PRIMARY KEY (id);


--
-- TOC entry 3371 (class 2606 OID 19920)
-- Name: tournaments_tournament_players tournaments_tournament_players_pkey; Type: CONSTRAINT; Schema: public; Owner: postgres
--

ALTER TABLE ONLY public.tournaments_tournament_players
    ADD CONSTRAINT tournaments_tournament_players_pkey PRIMARY KEY (id);


--
-- TOC entry 3332 (class 2606 OID 19815)
-- Name: users_users users_users_email_key; Type: CONSTRAINT; Schema: public; Owner: postgres
--

ALTER TABLE ONLY public.users_users
    ADD CONSTRAINT users_users_email_key UNIQUE (email);


--
-- TOC entry 3334 (class 2606 OID 19813)
-- Name: users_users users_users_pkey; Type: CONSTRAINT; Schema: public; Owner: postgres
--

ALTER TABLE ONLY public.users_users
    ADD CONSTRAINT users_users_pkey PRIMARY KEY (id);


--
-- TOC entry 3294 (class 1259 OID 19796)
-- Name: auth_group_name_a6ea08ec_like; Type: INDEX; Schema: public; Owner: postgres
--

CREATE INDEX auth_group_name_a6ea08ec_like ON public.auth_group USING btree (name varchar_pattern_ops);


--
-- TOC entry 3299 (class 1259 OID 19737)
-- Name: auth_group_permissions_group_id_b120cbf9; Type: INDEX; Schema: public; Owner: postgres
--

CREATE INDEX auth_group_permissions_group_id_b120cbf9 ON public.auth_group_permissions USING btree (group_id);


--
-- TOC entry 3302 (class 1259 OID 19738)
-- Name: auth_group_permissions_permission_id_84c5c92e; Type: INDEX; Schema: public; Owner: postgres
--

CREATE INDEX auth_group_permissions_permission_id_84c5c92e ON public.auth_group_permissions USING btree (permission_id);


--
-- TOC entry 3289 (class 1259 OID 19723)
-- Name: auth_permission_content_type_id_2f476e4b; Type: INDEX; Schema: public; Owner: postgres
--

CREATE INDEX auth_permission_content_type_id_2f476e4b ON public.auth_permission USING btree (content_type_id);


--
-- TOC entry 3310 (class 1259 OID 19753)
-- Name: auth_user_groups_group_id_97559544; Type: INDEX; Schema: public; Owner: postgres
--

CREATE INDEX auth_user_groups_group_id_97559544 ON public.auth_user_groups USING btree (group_id);


--
-- TOC entry 3313 (class 1259 OID 19752)
-- Name: auth_user_groups_user_id_6a12ed8b; Type: INDEX; Schema: public; Owner: postgres
--

CREATE INDEX auth_user_groups_user_id_6a12ed8b ON public.auth_user_groups USING btree (user_id);


--
-- TOC entry 3316 (class 1259 OID 19767)
-- Name: auth_user_user_permissions_permission_id_1fbb5f2c; Type: INDEX; Schema: public; Owner: postgres
--

CREATE INDEX auth_user_user_permissions_permission_id_1fbb5f2c ON public.auth_user_user_permissions USING btree (permission_id);


--
-- TOC entry 3319 (class 1259 OID 19766)
-- Name: auth_user_user_permissions_user_id_a95ead1b; Type: INDEX; Schema: public; Owner: postgres
--

CREATE INDEX auth_user_user_permissions_user_id_a95ead1b ON public.auth_user_user_permissions USING btree (user_id);


--
-- TOC entry 3307 (class 1259 OID 19791)
-- Name: auth_user_username_6821ab7c_like; Type: INDEX; Schema: public; Owner: postgres
--

CREATE INDEX auth_user_username_6821ab7c_like ON public.auth_user USING btree (username varchar_pattern_ops);


--
-- TOC entry 3335 (class 1259 OID 19829)
-- Name: authtoken_token_key_10f0b77e_like; Type: INDEX; Schema: public; Owner: postgres
--

CREATE INDEX authtoken_token_key_10f0b77e_like ON public.authtoken_token USING btree (key varchar_pattern_ops);


--
-- TOC entry 3322 (class 1259 OID 19787)
-- Name: django_admin_log_content_type_id_c4bce8eb; Type: INDEX; Schema: public; Owner: postgres
--

CREATE INDEX django_admin_log_content_type_id_c4bce8eb ON public.django_admin_log USING btree (content_type_id);


--
-- TOC entry 3325 (class 1259 OID 19788)
-- Name: django_admin_log_user_id_c564eba6; Type: INDEX; Schema: public; Owner: postgres
--

CREATE INDEX django_admin_log_user_id_c564eba6 ON public.django_admin_log USING btree (user_id);


--
-- TOC entry 3326 (class 1259 OID 19805)
-- Name: django_session_expire_date_a5c62663; Type: INDEX; Schema: public; Owner: postgres
--

CREATE INDEX django_session_expire_date_a5c62663 ON public.django_session USING btree (expire_date);


--
-- TOC entry 3329 (class 1259 OID 19804)
-- Name: django_session_session_key_c0390e0f_like; Type: INDEX; Schema: public; Owner: postgres
--

CREATE INDEX django_session_session_key_c0390e0f_like ON public.django_session USING btree (session_key varchar_pattern_ops);


--
-- TOC entry 3340 (class 1259 OID 19849)
-- Name: leagues_league_codeLeague_df89d5f7_like; Type: INDEX; Schema: public; Owner: postgres
--

CREATE INDEX "leagues_league_codeLeague_df89d5f7_like" ON public.leagues_league USING btree ("codeLeague" varchar_pattern_ops);


--
-- TOC entry 3343 (class 1259 OID 19850)
-- Name: leagues_league_creator_id_135b6089; Type: INDEX; Schema: public; Owner: postgres
--

CREATE INDEX leagues_league_creator_id_135b6089 ON public.leagues_league USING btree (creator_id);


--
-- TOC entry 3346 (class 1259 OID 19863)
-- Name: leagues_league_users_league_id_516274ad; Type: INDEX; Schema: public; Owner: postgres
--

CREATE INDEX leagues_league_users_league_id_516274ad ON public.leagues_league_users USING btree (league_id);


--
-- TOC entry 3351 (class 1259 OID 19864)
-- Name: leagues_league_users_users_id_cf6a8bab; Type: INDEX; Schema: public; Owner: postgres
--

CREATE INDEX leagues_league_users_users_id_cf6a8bab ON public.leagues_league_users USING btree (users_id);


--
-- TOC entry 3377 (class 1259 OID 19992)
-- Name: match_match_pair1_match_id_232083a0; Type: INDEX; Schema: public; Owner: postgres
--

CREATE INDEX match_match_pair1_match_id_232083a0 ON public.match_match_pair1 USING btree (match_id);


--
-- TOC entry 3382 (class 1259 OID 19993)
-- Name: match_match_pair1_player_id_c7a56a59; Type: INDEX; Schema: public; Owner: postgres
--

CREATE INDEX match_match_pair1_player_id_c7a56a59 ON public.match_match_pair1 USING btree (player_id);


--
-- TOC entry 3383 (class 1259 OID 20006)
-- Name: match_match_pair2_match_id_811381b7; Type: INDEX; Schema: public; Owner: postgres
--

CREATE INDEX match_match_pair2_match_id_811381b7 ON public.match_match_pair2 USING btree (match_id);


--
-- TOC entry 3388 (class 1259 OID 20007)
-- Name: match_match_pair2_player_id_1c248027; Type: INDEX; Schema: public; Owner: postgres
--

CREATE INDEX match_match_pair2_player_id_1c248027 ON public.match_match_pair2 USING btree (player_id);


--
-- TOC entry 3376 (class 1259 OID 19979)
-- Name: match_match_tournament_id_b5dd68f9; Type: INDEX; Schema: public; Owner: postgres
--

CREATE INDEX match_match_tournament_id_b5dd68f9 ON public.match_match USING btree (tournament_id);


--
-- TOC entry 3389 (class 1259 OID 20020)
-- Name: match_match_winner_match_id_ac7f2566; Type: INDEX; Schema: public; Owner: postgres
--

CREATE INDEX match_match_winner_match_id_ac7f2566 ON public.match_match_winner USING btree (match_id);


--
-- TOC entry 3394 (class 1259 OID 20021)
-- Name: match_match_winner_player_id_701f7f1f; Type: INDEX; Schema: public; Owner: postgres
--

CREATE INDEX match_match_winner_player_id_701f7f1f ON public.match_match_winner USING btree (player_id);


--
-- TOC entry 3356 (class 1259 OID 19889)
-- Name: players_player_users_player_id_e86a287c; Type: INDEX; Schema: public; Owner: postgres
--

CREATE INDEX players_player_users_player_id_e86a287c ON public.players_player_users USING btree (player_id);


--
-- TOC entry 3359 (class 1259 OID 19890)
-- Name: players_player_users_users_id_ed658a31; Type: INDEX; Schema: public; Owner: postgres
--

CREATE INDEX players_player_users_users_id_ed658a31 ON public.players_player_users USING btree (users_id);


--
-- TOC entry 3364 (class 1259 OID 19934)
-- Name: tournaments_tournament_leagues_league_id_d45eefca; Type: INDEX; Schema: public; Owner: postgres
--

CREATE INDEX tournaments_tournament_leagues_league_id_d45eefca ON public.tournaments_tournament_leagues USING btree (league_id);


--
-- TOC entry 3367 (class 1259 OID 19933)
-- Name: tournaments_tournament_leagues_tournament_id_fb320759; Type: INDEX; Schema: public; Owner: postgres
--

CREATE INDEX tournaments_tournament_leagues_tournament_id_fb320759 ON public.tournaments_tournament_leagues USING btree (tournament_id);


--
-- TOC entry 3372 (class 1259 OID 19948)
-- Name: tournaments_tournament_players_player_id_5e3f8d5e; Type: INDEX; Schema: public; Owner: postgres
--

CREATE INDEX tournaments_tournament_players_player_id_5e3f8d5e ON public.tournaments_tournament_players USING btree (player_id);


--
-- TOC entry 3373 (class 1259 OID 19947)
-- Name: tournaments_tournament_players_tournament_id_b2f4a850; Type: INDEX; Schema: public; Owner: postgres
--

CREATE INDEX tournaments_tournament_players_tournament_id_b2f4a850 ON public.tournaments_tournament_players USING btree (tournament_id);


--
-- TOC entry 3330 (class 1259 OID 19816)
-- Name: users_users_email_3f54f4c5_like; Type: INDEX; Schema: public; Owner: postgres
--

CREATE INDEX users_users_email_3f54f4c5_like ON public.users_users USING btree (email varchar_pattern_ops);


--
-- TOC entry 3396 (class 2606 OID 19732)
-- Name: auth_group_permissions auth_group_permissio_permission_id_84c5c92e_fk_auth_perm; Type: FK CONSTRAINT; Schema: public; Owner: postgres
--

ALTER TABLE ONLY public.auth_group_permissions
    ADD CONSTRAINT auth_group_permissio_permission_id_84c5c92e_fk_auth_perm FOREIGN KEY (permission_id) REFERENCES public.auth_permission(id) DEFERRABLE INITIALLY DEFERRED;


--
-- TOC entry 3397 (class 2606 OID 19727)
-- Name: auth_group_permissions auth_group_permissions_group_id_b120cbf9_fk_auth_group_id; Type: FK CONSTRAINT; Schema: public; Owner: postgres
--

ALTER TABLE ONLY public.auth_group_permissions
    ADD CONSTRAINT auth_group_permissions_group_id_b120cbf9_fk_auth_group_id FOREIGN KEY (group_id) REFERENCES public.auth_group(id) DEFERRABLE INITIALLY DEFERRED;


--
-- TOC entry 3395 (class 2606 OID 19718)
-- Name: auth_permission auth_permission_content_type_id_2f476e4b_fk_django_co; Type: FK CONSTRAINT; Schema: public; Owner: postgres
--

ALTER TABLE ONLY public.auth_permission
    ADD CONSTRAINT auth_permission_content_type_id_2f476e4b_fk_django_co FOREIGN KEY (content_type_id) REFERENCES public.django_content_type(id) DEFERRABLE INITIALLY DEFERRED;


--
-- TOC entry 3398 (class 2606 OID 19747)
-- Name: auth_user_groups auth_user_groups_group_id_97559544_fk_auth_group_id; Type: FK CONSTRAINT; Schema: public; Owner: postgres
--

ALTER TABLE ONLY public.auth_user_groups
    ADD CONSTRAINT auth_user_groups_group_id_97559544_fk_auth_group_id FOREIGN KEY (group_id) REFERENCES public.auth_group(id) DEFERRABLE INITIALLY DEFERRED;


--
-- TOC entry 3399 (class 2606 OID 19742)
-- Name: auth_user_groups auth_user_groups_user_id_6a12ed8b_fk_auth_user_id; Type: FK CONSTRAINT; Schema: public; Owner: postgres
--

ALTER TABLE ONLY public.auth_user_groups
    ADD CONSTRAINT auth_user_groups_user_id_6a12ed8b_fk_auth_user_id FOREIGN KEY (user_id) REFERENCES public.auth_user(id) DEFERRABLE INITIALLY DEFERRED;


--
-- TOC entry 3400 (class 2606 OID 19761)
-- Name: auth_user_user_permissions auth_user_user_permi_permission_id_1fbb5f2c_fk_auth_perm; Type: FK CONSTRAINT; Schema: public; Owner: postgres
--

ALTER TABLE ONLY public.auth_user_user_permissions
    ADD CONSTRAINT auth_user_user_permi_permission_id_1fbb5f2c_fk_auth_perm FOREIGN KEY (permission_id) REFERENCES public.auth_permission(id) DEFERRABLE INITIALLY DEFERRED;


--
-- TOC entry 3401 (class 2606 OID 19756)
-- Name: auth_user_user_permissions auth_user_user_permissions_user_id_a95ead1b_fk_auth_user_id; Type: FK CONSTRAINT; Schema: public; Owner: postgres
--

ALTER TABLE ONLY public.auth_user_user_permissions
    ADD CONSTRAINT auth_user_user_permissions_user_id_a95ead1b_fk_auth_user_id FOREIGN KEY (user_id) REFERENCES public.auth_user(id) DEFERRABLE INITIALLY DEFERRED;


--
-- TOC entry 3404 (class 2606 OID 19824)
-- Name: authtoken_token authtoken_token_user_id_35299eff_fk_auth_user_id; Type: FK CONSTRAINT; Schema: public; Owner: postgres
--

ALTER TABLE ONLY public.authtoken_token
    ADD CONSTRAINT authtoken_token_user_id_35299eff_fk_auth_user_id FOREIGN KEY (user_id) REFERENCES public.auth_user(id) DEFERRABLE INITIALLY DEFERRED;


--
-- TOC entry 3402 (class 2606 OID 19777)
-- Name: django_admin_log django_admin_log_content_type_id_c4bce8eb_fk_django_co; Type: FK CONSTRAINT; Schema: public; Owner: postgres
--

ALTER TABLE ONLY public.django_admin_log
    ADD CONSTRAINT django_admin_log_content_type_id_c4bce8eb_fk_django_co FOREIGN KEY (content_type_id) REFERENCES public.django_content_type(id) DEFERRABLE INITIALLY DEFERRED;


--
-- TOC entry 3403 (class 2606 OID 19782)
-- Name: django_admin_log django_admin_log_user_id_c564eba6_fk_auth_user_id; Type: FK CONSTRAINT; Schema: public; Owner: postgres
--

ALTER TABLE ONLY public.django_admin_log
    ADD CONSTRAINT django_admin_log_user_id_c564eba6_fk_auth_user_id FOREIGN KEY (user_id) REFERENCES public.auth_user(id) DEFERRABLE INITIALLY DEFERRED;


--
-- TOC entry 3405 (class 2606 OID 19844)
-- Name: leagues_league leagues_league_creator_id_135b6089_fk_users_users_id; Type: FK CONSTRAINT; Schema: public; Owner: postgres
--

ALTER TABLE ONLY public.leagues_league
    ADD CONSTRAINT leagues_league_creator_id_135b6089_fk_users_users_id FOREIGN KEY (creator_id) REFERENCES public.users_users(id) DEFERRABLE INITIALLY DEFERRED;


--
-- TOC entry 3406 (class 2606 OID 19853)
-- Name: leagues_league_users leagues_league_users_league_id_516274ad_fk_leagues_league_id; Type: FK CONSTRAINT; Schema: public; Owner: postgres
--

ALTER TABLE ONLY public.leagues_league_users
    ADD CONSTRAINT leagues_league_users_league_id_516274ad_fk_leagues_league_id FOREIGN KEY (league_id) REFERENCES public.leagues_league(id) DEFERRABLE INITIALLY DEFERRED;


--
-- TOC entry 3407 (class 2606 OID 19858)
-- Name: leagues_league_users leagues_league_users_users_id_cf6a8bab_fk_users_users_id; Type: FK CONSTRAINT; Schema: public; Owner: postgres
--

ALTER TABLE ONLY public.leagues_league_users
    ADD CONSTRAINT leagues_league_users_users_id_cf6a8bab_fk_users_users_id FOREIGN KEY (users_id) REFERENCES public.users_users(id) DEFERRABLE INITIALLY DEFERRED;


--
-- TOC entry 3415 (class 2606 OID 19982)
-- Name: match_match_pair1 match_match_pair1_match_id_232083a0_fk_match_match_id; Type: FK CONSTRAINT; Schema: public; Owner: postgres
--

ALTER TABLE ONLY public.match_match_pair1
    ADD CONSTRAINT match_match_pair1_match_id_232083a0_fk_match_match_id FOREIGN KEY (match_id) REFERENCES public.match_match(id) DEFERRABLE INITIALLY DEFERRED;


--
-- TOC entry 3416 (class 2606 OID 19987)
-- Name: match_match_pair1 match_match_pair1_player_id_c7a56a59_fk_players_player_id; Type: FK CONSTRAINT; Schema: public; Owner: postgres
--

ALTER TABLE ONLY public.match_match_pair1
    ADD CONSTRAINT match_match_pair1_player_id_c7a56a59_fk_players_player_id FOREIGN KEY (player_id) REFERENCES public.players_player(id) DEFERRABLE INITIALLY DEFERRED;


--
-- TOC entry 3417 (class 2606 OID 19996)
-- Name: match_match_pair2 match_match_pair2_match_id_811381b7_fk_match_match_id; Type: FK CONSTRAINT; Schema: public; Owner: postgres
--

ALTER TABLE ONLY public.match_match_pair2
    ADD CONSTRAINT match_match_pair2_match_id_811381b7_fk_match_match_id FOREIGN KEY (match_id) REFERENCES public.match_match(id) DEFERRABLE INITIALLY DEFERRED;


--
-- TOC entry 3418 (class 2606 OID 20001)
-- Name: match_match_pair2 match_match_pair2_player_id_1c248027_fk_players_player_id; Type: FK CONSTRAINT; Schema: public; Owner: postgres
--

ALTER TABLE ONLY public.match_match_pair2
    ADD CONSTRAINT match_match_pair2_player_id_1c248027_fk_players_player_id FOREIGN KEY (player_id) REFERENCES public.players_player(id) DEFERRABLE INITIALLY DEFERRED;


--
-- TOC entry 3414 (class 2606 OID 19974)
-- Name: match_match match_match_tournament_id_b5dd68f9_fk_tournaments_tournament_id; Type: FK CONSTRAINT; Schema: public; Owner: postgres
--

ALTER TABLE ONLY public.match_match
    ADD CONSTRAINT match_match_tournament_id_b5dd68f9_fk_tournaments_tournament_id FOREIGN KEY (tournament_id) REFERENCES public.tournaments_tournament(id) DEFERRABLE INITIALLY DEFERRED;


--
-- TOC entry 3419 (class 2606 OID 20010)
-- Name: match_match_winner match_match_winner_match_id_ac7f2566_fk_match_match_id; Type: FK CONSTRAINT; Schema: public; Owner: postgres
--

ALTER TABLE ONLY public.match_match_winner
    ADD CONSTRAINT match_match_winner_match_id_ac7f2566_fk_match_match_id FOREIGN KEY (match_id) REFERENCES public.match_match(id) DEFERRABLE INITIALLY DEFERRED;


--
-- TOC entry 3420 (class 2606 OID 20015)
-- Name: match_match_winner match_match_winner_player_id_701f7f1f_fk_players_player_id; Type: FK CONSTRAINT; Schema: public; Owner: postgres
--

ALTER TABLE ONLY public.match_match_winner
    ADD CONSTRAINT match_match_winner_player_id_701f7f1f_fk_players_player_id FOREIGN KEY (player_id) REFERENCES public.players_player(id) DEFERRABLE INITIALLY DEFERRED;


--
-- TOC entry 3408 (class 2606 OID 19879)
-- Name: players_player_users players_player_users_player_id_e86a287c_fk_players_player_id; Type: FK CONSTRAINT; Schema: public; Owner: postgres
--

ALTER TABLE ONLY public.players_player_users
    ADD CONSTRAINT players_player_users_player_id_e86a287c_fk_players_player_id FOREIGN KEY (player_id) REFERENCES public.players_player(id) DEFERRABLE INITIALLY DEFERRED;


--
-- TOC entry 3409 (class 2606 OID 19884)
-- Name: players_player_users players_player_users_users_id_ed658a31_fk_users_users_id; Type: FK CONSTRAINT; Schema: public; Owner: postgres
--

ALTER TABLE ONLY public.players_player_users
    ADD CONSTRAINT players_player_users_users_id_ed658a31_fk_users_users_id FOREIGN KEY (users_id) REFERENCES public.users_users(id) DEFERRABLE INITIALLY DEFERRED;


--
-- TOC entry 3410 (class 2606 OID 19928)
-- Name: tournaments_tournament_leagues tournaments_tourname_league_id_d45eefca_fk_leagues_l; Type: FK CONSTRAINT; Schema: public; Owner: postgres
--

ALTER TABLE ONLY public.tournaments_tournament_leagues
    ADD CONSTRAINT tournaments_tourname_league_id_d45eefca_fk_leagues_l FOREIGN KEY (league_id) REFERENCES public.leagues_league(id) DEFERRABLE INITIALLY DEFERRED;


--
-- TOC entry 3412 (class 2606 OID 19942)
-- Name: tournaments_tournament_players tournaments_tourname_player_id_5e3f8d5e_fk_players_p; Type: FK CONSTRAINT; Schema: public; Owner: postgres
--

ALTER TABLE ONLY public.tournaments_tournament_players
    ADD CONSTRAINT tournaments_tourname_player_id_5e3f8d5e_fk_players_p FOREIGN KEY (player_id) REFERENCES public.players_player(id) DEFERRABLE INITIALLY DEFERRED;


--
-- TOC entry 3413 (class 2606 OID 19937)
-- Name: tournaments_tournament_players tournaments_tourname_tournament_id_b2f4a850_fk_tournamen; Type: FK CONSTRAINT; Schema: public; Owner: postgres
--

ALTER TABLE ONLY public.tournaments_tournament_players
    ADD CONSTRAINT tournaments_tourname_tournament_id_b2f4a850_fk_tournamen FOREIGN KEY (tournament_id) REFERENCES public.tournaments_tournament(id) DEFERRABLE INITIALLY DEFERRED;


--
-- TOC entry 3411 (class 2606 OID 19923)
-- Name: tournaments_tournament_leagues tournaments_tourname_tournament_id_fb320759_fk_tournamen; Type: FK CONSTRAINT; Schema: public; Owner: postgres
--

ALTER TABLE ONLY public.tournaments_tournament_leagues
    ADD CONSTRAINT tournaments_tourname_tournament_id_fb320759_fk_tournamen FOREIGN KEY (tournament_id) REFERENCES public.tournaments_tournament(id) DEFERRABLE INITIALLY DEFERRED;


-- Completed on 2023-05-30 22:18:35

--
-- PostgreSQL database dump complete
--

